image,class,ref_count,cand_count,matched_count,matched_recall,retention_ratio,mean_iou_matched
0049e5b8-725e21a0.jpg,car,10,7,5,0.5,0.7,0.8419549519462766
0049e5b8-725e21a0.jpg,all,10,7,5,0.5,0.7,0.8419549519462766
0081e27b-17bf4a9e.jpg,car,19,7,3,0.15789473684210525,0.3684210526315789,0.8823814656917324
0081e27b-17bf4a9e.jpg,truck,1,0,0,0.0,0.0,
0081e27b-17bf4a9e.jpg,all,20,7,3,0.15,0.35,0.8823814656917324
00beeb02-50440dcd.jpg,car,3,1,1,0.3333333333333333,0.3333333333333333,0.5681678704159893
00beeb02-50440dcd.jpg,all,3,1,1,0.3333333333333333,0.3333333333333333,0.5681678704159893
00d4b6b7-7d0a60bf.jpg,car,8,3,3,0.375,0.375,0.746201214705617
00d4b6b7-7d0a60bf.jpg,all,8,3,3,0.375,0.375,0.746201214705617
01118704-2d838d7f.jpg,bus,1,0,0,0.0,0.0,
01118704-2d838d7f.jpg,car,3,3,3,1.0,1.0,0.8773778277738135
01118704-2d838d7f.jpg,all,4,3,3,0.75,0.75,0.8773778277738135
0115917e-14907a6a.jpg,car,14,13,8,0.5714285714285714,0.9285714285714286,0.7747247948719174
0115917e-14907a6a.jpg,truck,3,0,0,0.0,0.0,
0115917e-14907a6a.jpg,all,17,13,8,0.47058823529411764,0.7647058823529411,0.7747247948719174
02188a44-65ad27f3.jpg,car,11,12,9,0.8181818181818182,1.0909090909090908,0.7927035837750953
02188a44-65ad27f3.jpg,all,11,12,9,0.8181818181818182,1.0909090909090908,0.7927035837750953
02494b7b-079febf8.jpg,car,4,3,3,0.75,0.75,0.7226347867379453
02494b7b-079febf8.jpg,all,4,3,3,0.75,0.75,0.7226347867379453
029ffd50-dc944dba.jpg,car,9,2,1,0.1111111111111111,0.2222222222222222,0.8040249578404053
029ffd50-dc944dba.jpg,all,9,2,1,0.1111111111111111,0.2222222222222222,0.8040249578404053
0464a98b-860229d5.jpg,car,9,5,4,0.4444444444444444,0.5555555555555556,0.8997738792067733
0464a98b-860229d5.jpg,all,9,5,4,0.4444444444444444,0.5555555555555556,0.8997738792067733
051aadb7-51aad566.jpg,bus,1,0,0,0.0,0.0,
051aadb7-51aad566.jpg,car,5,4,1,0.2,0.8,0.8374814066557565
051aadb7-51aad566.jpg,truck,3,1,1,0.3333333333333333,0.3333333333333333,0.9316740489397944
051aadb7-51aad566.jpg,all,9,5,2,0.2222222222222222,0.5555555555555556,0.8845777277977755
051aadb7-e953bc4d.jpg,bus,0,1,0,,,
051aadb7-e953bc4d.jpg,car,12,10,6,0.5,0.8333333333333334,0.7672591099198863
051aadb7-e953bc4d.jpg,truck,4,1,1,0.25,0.25,0.9541893095190106
051aadb7-e953bc4d.jpg,all,16,12,7,0.4375,0.75,0.7939634241483328
05743a9b-747658e7.jpg,car,11,9,7,0.6363636363636364,0.8181818181818182,0.6585457975340023
05743a9b-747658e7.jpg,truck,1,1,1,1.0,1.0,0.7876389589737445
05743a9b-747658e7.jpg,all,12,10,8,0.6666666666666666,0.8333333333333334,0.67468244271397
057af272-6f700aef.jpg,car,9,5,3,0.3333333333333333,0.5555555555555556,0.7296303343729734
057af272-6f700aef.jpg,all,9,5,3,0.3333333333333333,0.5555555555555556,0.7296303343729734
05d62296-30c620d5.jpg,car,7,5,5,0.7142857142857143,0.7142857142857143,0.8848846131145287
05d62296-30c620d5.jpg,all,7,5,5,0.7142857142857143,0.7142857142857143,0.8848846131145287
05e5a68e-f0e05a42.jpg,car,29,16,12,0.41379310344827586,0.5517241379310345,0.778766815916104
05e5a68e-f0e05a42.jpg,truck,2,0,0,0.0,0.0,
05e5a68e-f0e05a42.jpg,all,31,16,12,0.3870967741935484,0.5161290322580645,0.778766815916104
05fa6494-8f436d04.jpg,car,12,8,7,0.5833333333333334,0.6666666666666666,0.7978512515635258
05fa6494-8f436d04.jpg,all,12,8,7,0.5833333333333334,0.6666666666666666,0.7978512515635258
060039d9-5218402b.jpg,car,4,0,0,0.0,0.0,
060039d9-5218402b.jpg,all,4,0,0,0.0,0.0,
064aa0d6-f75ff4d5.jpg,car,15,10,8,0.5333333333333333,0.6666666666666666,0.8181315145760999
064aa0d6-f75ff4d5.jpg,all,15,10,8,0.5333333333333333,0.6666666666666666,0.8181315145760999
07de5062-ddddcbd7.jpg,car,7,5,3,0.42857142857142855,0.7142857142857143,0.9144482797883636
07de5062-ddddcbd7.jpg,truck,4,1,1,0.25,0.25,0.8862727181814481
07de5062-ddddcbd7.jpg,all,11,6,4,0.36363636363636365,0.5454545454545454,0.9074043893866347
088351d1-30833ddc.jpg,car,21,16,15,0.7142857142857143,0.7619047619047619,0.7667591092078253
088351d1-30833ddc.jpg,all,21,16,15,0.7142857142857143,0.7619047619047619,0.7667591092078253
08a49c01-675d3899.jpg,car,12,4,4,0.3333333333333333,0.3333333333333333,0.7552660786875065
08a49c01-675d3899.jpg,truck,1,0,0,0.0,0.0,
08a49c01-675d3899.jpg,all,13,4,4,0.3076923076923077,0.3076923076923077,0.7552660786875065
08d4285a-4a25b9b6.jpg,car,7,3,3,0.42857142857142855,0.42857142857142855,0.8235000218291902
08d4285a-4a25b9b6.jpg,all,7,3,3,0.42857142857142855,0.42857142857142855,0.8235000218291902
09ac21d6-eefa8ed0.jpg,car,1,1,1,1.0,1.0,0.8483043971194476
09ac21d6-eefa8ed0.jpg,all,1,1,1,1.0,1.0,0.8483043971194476
0a0a0b1a-7c39d841.jpg,car,6,4,3,0.5,0.6666666666666666,0.8964165992189307
0a0a0b1a-7c39d841.jpg,truck,1,1,0,0.0,1.0,
0a0a0b1a-7c39d841.jpg,all,7,5,3,0.42857142857142855,0.7142857142857143,0.8964165992189307
0af6039a-f3c91319.jpg,car,16,6,4,0.25,0.375,0.8441608450819531
0af6039a-f3c91319.jpg,all,16,6,4,0.25,0.375,0.8441608450819531
0b2f5d0d-8fddc1fc.jpg,car,10,6,3,0.3,0.6,0.8420959516911694
0b2f5d0d-8fddc1fc.jpg,truck,1,0,0,0.0,0.0,
0b2f5d0d-8fddc1fc.jpg,all,11,6,3,0.2727272727272727,0.5454545454545454,0.8420959516911694
0b4225f9-bfb10f88.jpg,car,17,8,6,0.35294117647058826,0.47058823529411764,0.8099938261257872
0b4225f9-bfb10f88.jpg,truck,1,1,1,1.0,1.0,0.849602147899478
0b4225f9-bfb10f88.jpg,all,18,9,7,0.3888888888888889,0.5,0.8156521578077428
0ba08fe3-880ae118.jpg,car,12,10,7,0.5833333333333334,0.8333333333333334,0.7993885646315159
0ba08fe3-880ae118.jpg,truck,2,0,0,0.0,0.0,
0ba08fe3-880ae118.jpg,all,14,10,7,0.5,0.7142857142857143,0.7993885646315159
0c2f33b9-f94d69b5.jpg,car,22,12,9,0.4090909090909091,0.5454545454545454,0.7833946171134306
0c2f33b9-f94d69b5.jpg,truck,2,0,0,0.0,0.0,
0c2f33b9-f94d69b5.jpg,all,24,12,9,0.375,0.5,0.7833946171134306
0c984e6d-2b5d7ee4.jpg,car,11,7,7,0.6363636363636364,0.6363636363636364,0.8957660871243306
0c984e6d-2b5d7ee4.jpg,all,11,7,7,0.6363636363636364,0.6363636363636364,0.8957660871243306
0cb67a01-7cf1687e.jpg,bus,1,0,0,0.0,0.0,
0cb67a01-7cf1687e.jpg,car,5,2,2,0.4,0.4,0.9459115099183211
0cb67a01-7cf1687e.jpg,all,6,2,2,0.3333333333333333,0.3333333333333333,0.9459115099183211
0cc6f3e8-b4c9e348.jpg,bus,1,0,0,0.0,0.0,
0cc6f3e8-b4c9e348.jpg,car,12,9,7,0.5833333333333334,0.75,0.777866120270806
0cc6f3e8-b4c9e348.jpg,all,13,9,7,0.5384615384615384,0.6923076923076923,0.777866120270806
0cf398b3-ce65ab64.jpg,car,5,2,2,0.4,0.4,0.8744105417144608
0cf398b3-ce65ab64.jpg,all,5,2,2,0.4,0.4,0.8744105417144608
0d3ec56a-f4cead6f.jpg,car,6,2,1,0.16666666666666666,0.3333333333333333,0.8231896722538408
0d3ec56a-f4cead6f.jpg,all,6,2,1,0.16666666666666666,0.3333333333333333,0.8231896722538408
0d61234a-542010b2.jpg,car,14,5,5,0.35714285714285715,0.35714285714285715,0.8316044404181762
0d61234a-542010b2.jpg,all,14,5,5,0.35714285714285715,0.35714285714285715,0.8316044404181762
0e442b65-b17e0b50.jpg,car,11,7,7,0.6363636363636364,0.6363636363636364,0.8223204774471222
0e442b65-b17e0b50.jpg,truck,2,0,0,0.0,0.0,
0e442b65-b17e0b50.jpg,all,13,7,7,0.5384615384615384,0.5384615384615384,0.8223204774471222
0e5c7e92-0d9c60f0.jpg,bus,2,0,0,0.0,0.0,
0e5c7e92-0d9c60f0.jpg,car,3,2,0,0.0,0.6666666666666666,
0e5c7e92-0d9c60f0.jpg,all,5,2,0,0.0,0.4,
0f837def-9646c091.jpg,bus,1,0,0,0.0,0.0,
0f837def-9646c091.jpg,car,17,13,8,0.47058823529411764,0.7647058823529411,0.7360434255859342
0f837def-9646c091.jpg,truck,1,0,0,0.0,0.0,
0f837def-9646c091.jpg,all,19,13,8,0.42105263157894735,0.6842105263157895,0.7360434255859342
0fba84f9-73b520ee.jpg,car,43,9,6,0.13953488372093023,0.20930232558139536,0.7613867248935678
0fba84f9-73b520ee.jpg,truck,0,1,0,,,
0fba84f9-73b520ee.jpg,all,43,10,6,0.13953488372093023,0.23255813953488372,0.7613867248935678
101a0964-930eae70.jpg,car,10,5,5,0.5,0.5,0.7334872115167517
101a0964-930eae70.jpg,all,10,5,5,0.5,0.5,0.7334872115167517
10389fe8-433c740c.jpg,car,6,3,2,0.3333333333333333,0.5,0.9097326602383038
10389fe8-433c740c.jpg,all,6,3,2,0.3333333333333333,0.5,0.9097326602383038
10453a95-40759ac3.jpg,bus,1,0,0,0.0,0.0,
10453a95-40759ac3.jpg,car,3,4,2,0.6666666666666666,1.3333333333333333,0.9225439378516578
10453a95-40759ac3.jpg,all,4,4,2,0.5,1.0,0.9225439378516578
1072195f-0a161ade.jpg,car,10,6,5,0.5,0.6,0.874101994335571
1072195f-0a161ade.jpg,all,10,6,5,0.5,0.6,0.874101994335571
1072195f-6cf88b25.jpg,car,16,11,6,0.375,0.6875,0.7852686504315666
1072195f-6cf88b25.jpg,all,16,11,6,0.375,0.6875,0.7852686504315666
11513e3d-150058c3.jpg,car,13,9,7,0.5384615384615384,0.6923076923076923,0.8266365941350221
11513e3d-150058c3.jpg,truck,0,2,0,,,
11513e3d-150058c3.jpg,all,13,11,7,0.5384615384615384,0.8461538461538461,0.8266365941350221
1189ae68-1a8ad3c6.jpg,car,22,15,12,0.5454545454545454,0.6818181818181818,0.7843935934373464
1189ae68-1a8ad3c6.jpg,all,22,15,12,0.5454545454545454,0.6818181818181818,0.7843935934373464
12076ebb-c07285d7.jpg,car,10,8,8,0.8,0.8,0.7147873350752503
12076ebb-c07285d7.jpg,all,10,8,8,0.8,0.8,0.7147873350752503
125134e5-7dfc45b9.jpg,car,19,7,6,0.3157894736842105,0.3684210526315789,0.8326298029294308
125134e5-7dfc45b9.jpg,all,19,7,6,0.3157894736842105,0.3684210526315789,0.8326298029294308
12ae9ab8-794f5adc.jpg,bus,1,0,0,0.0,0.0,
12ae9ab8-794f5adc.jpg,car,10,6,6,0.6,0.6,0.8395501567884956
12ae9ab8-794f5adc.jpg,all,11,6,6,0.5454545454545454,0.5454545454545454,0.8395501567884956
13f61134-50021e53.jpg,car,9,8,7,0.7777777777777778,0.8888888888888888,0.8108336792138582
13f61134-50021e53.jpg,truck,2,0,0,0.0,0.0,
13f61134-50021e53.jpg,all,11,8,7,0.6363636363636364,0.7272727272727273,0.8108336792138582
14eace5a-ddf3b303.jpg,car,3,5,3,1.0,1.6666666666666667,0.8630188120307376
14eace5a-ddf3b303.jpg,all,3,5,3,1.0,1.6666666666666667,0.8630188120307376
1608cfe7-32da2c5d.jpg,car,6,4,3,0.5,0.6666666666666666,0.8968961030716364
1608cfe7-32da2c5d.jpg,all,6,4,3,0.5,0.6666666666666666,0.8968961030716364
162995f1-d2c7d259.jpg,car,7,7,5,0.7142857142857143,1.0,0.8634064657947178
162995f1-d2c7d259.jpg,truck,1,0,0,0.0,0.0,
162995f1-d2c7d259.jpg,all,8,7,5,0.625,0.875,0.8634064657947178
16b0973f-c07b564a.jpg,car,10,4,4,0.4,0.4,0.7792737430771742
16b0973f-c07b564a.jpg,all,10,4,4,0.4,0.4,0.7792737430771742
1784d67b-6b223914.jpg,car,17,16,10,0.5882352941176471,0.9411764705882353,0.8082271994198568
1784d67b-6b223914.jpg,truck,1,0,0,0.0,0.0,
1784d67b-6b223914.jpg,all,18,16,10,0.5555555555555556,0.8888888888888888,0.8082271994198568
1784d67b-d76145ce.jpg,car,15,8,3,0.2,0.5333333333333333,0.9293192699262872
1784d67b-d76145ce.jpg,truck,1,0,0,0.0,0.0,
1784d67b-d76145ce.jpg,all,16,8,3,0.1875,0.5,0.9293192699262872
188c58f3-792afc71.jpg,bus,1,0,0,0.0,0.0,
188c58f3-792afc71.jpg,car,4,3,3,0.75,0.75,0.8946555279063255
188c58f3-792afc71.jpg,truck,0,1,0,,,
188c58f3-792afc71.jpg,all,5,4,3,0.6,0.8,0.8946555279063255
193f7f3b-84bc7998.jpg,bus,1,0,0,0.0,0.0,
193f7f3b-84bc7998.jpg,car,9,10,6,0.6666666666666666,1.1111111111111112,0.7973916800727566
193f7f3b-84bc7998.jpg,all,10,10,6,0.6,1.0,0.7973916800727566
194058b0-ac0616a6.jpg,car,17,10,7,0.4117647058823529,0.5882352941176471,0.7928898616146343
194058b0-ac0616a6.jpg,truck,2,1,1,0.5,0.5,0.906099837713784
194058b0-ac0616a6.jpg,all,19,11,8,0.42105263157894735,0.5789473684210527,0.8070411086270279
19e56249-09c4bbc6.jpg,car,10,7,7,0.7,0.7,0.7559488687889289
19e56249-09c4bbc6.jpg,truck,1,0,0,0.0,0.0,
19e56249-09c4bbc6.jpg,all,11,7,7,0.6363636363636364,0.6363636363636364,0.7559488687889289
1a71faae-d5f255fd.jpg,car,2,1,1,0.5,0.5,0.7945572465337095
1a71faae-d5f255fd.jpg,all,2,1,1,0.5,0.5,0.7945572465337095
1a8992a7-da5a8510.jpg,bus,1,0,0,0.0,0.0,
1a8992a7-da5a8510.jpg,car,15,9,9,0.6,0.6,0.7583885197136113
1a8992a7-da5a8510.jpg,truck,0,1,0,,,
1a8992a7-da5a8510.jpg,all,16,10,9,0.5625,0.625,0.7583885197136113
1ac0178c-0b259360.jpg,car,4,3,3,0.75,0.75,0.8381123558405763
1ac0178c-0b259360.jpg,all,4,3,3,0.75,0.75,0.8381123558405763
1b30f76f-95aa8a06.jpg,car,8,7,4,0.5,0.875,0.7780023311916802
1b30f76f-95aa8a06.jpg,all,8,7,4,0.5,0.875,0.7780023311916802
1bda5a26-420ceea6.jpg,car,10,6,4,0.4,0.6,0.8279809342133302
1bda5a26-420ceea6.jpg,truck,1,1,0,0.0,1.0,
1bda5a26-420ceea6.jpg,all,11,7,4,0.36363636363636365,0.6363636363636364,0.8279809342133302
1bf7f3d2-15f95138.jpg,car,14,10,7,0.5,0.7142857142857143,0.7498949721922826
1bf7f3d2-15f95138.jpg,all,14,10,7,0.5,0.7142857142857143,0.7498949721922826
1c227a12-10e5552c.jpg,car,8,10,5,0.625,1.25,0.6904011783920054
1c227a12-10e5552c.jpg,all,8,10,5,0.625,1.25,0.6904011783920054
1c227a12-ec67af93.jpg,car,13,10,7,0.5384615384615384,0.7692307692307693,0.749908560938581
1c227a12-ec67af93.jpg,all,13,10,7,0.5384615384615384,0.7692307692307693,0.749908560938581
1c5e9657-2e2a2863.jpg,car,5,1,1,0.2,0.2,0.9188749885395572
1c5e9657-2e2a2863.jpg,truck,0,2,0,,,
1c5e9657-2e2a2863.jpg,all,5,3,1,0.2,0.6,0.9188749885395572
1cb2a89b-4594573e.jpg,car,4,3,3,0.75,0.75,0.8102165039664414
1cb2a89b-4594573e.jpg,all,4,3,3,0.75,0.75,0.8102165039664414
1cf54809-c6daa5a9.jpg,car,12,6,5,0.4166666666666667,0.5,0.8687345891335667
1cf54809-c6daa5a9.jpg,all,12,6,5,0.4166666666666667,0.5,0.8687345891335667
1d5e05f8-5020f67d.jpg,car,11,11,10,0.9090909090909091,1.0,0.8515318987167728
1d5e05f8-5020f67d.jpg,all,11,11,10,0.9090909090909091,1.0,0.8515318987167728
1e57ae90-806bc767.jpg,car,7,6,4,0.5714285714285714,0.8571428571428571,0.8279058298439874
1e57ae90-806bc767.jpg,truck,1,0,0,0.0,0.0,
1e57ae90-806bc767.jpg,all,8,6,4,0.5,0.75,0.8279058298439874
1f959fdd-6ff63d34.jpg,car,17,13,12,0.7058823529411765,0.7647058823529411,0.7992510251733475
1f959fdd-6ff63d34.jpg,truck,1,0,0,0.0,0.0,
1f959fdd-6ff63d34.jpg,all,18,13,12,0.6666666666666666,0.7222222222222222,0.7992510251733475
1fa65acf-d43367bc.jpg,car,20,10,8,0.4,0.5,0.7504079063695965
1fa65acf-d43367bc.jpg,truck,3,0,0,0.0,0.0,
1fa65acf-d43367bc.jpg,all,23,10,8,0.34782608695652173,0.43478260869565216,0.7504079063695965
20cfadfa-47711496.jpg,car,8,5,5,0.625,0.625,0.84951689864928
20cfadfa-47711496.jpg,truck,1,1,1,1.0,1.0,0.5600206492729015
20cfadfa-47711496.jpg,all,9,6,6,0.6666666666666666,0.6666666666666666,0.801267523753217
20cfadfa-6f87fdc1.jpg,car,10,12,9,0.9,1.2,0.7969838829357359
20cfadfa-6f87fdc1.jpg,truck,1,1,1,1.0,1.0,0.9591590736543176
20cfadfa-6f87fdc1.jpg,all,11,13,10,0.9090909090909091,1.1818181818181819,0.8132014020075939
225a1858-0e3a4b04.jpg,car,13,11,10,0.7692307692307693,0.8461538461538461,0.803534441367753
225a1858-0e3a4b04.jpg,all,13,11,10,0.7692307692307693,0.8461538461538461,0.803534441367753
22be2f14-59fbdca0.jpg,car,5,3,2,0.4,0.6,0.7319219569811867
22be2f14-59fbdca0.jpg,all,5,3,2,0.4,0.6,0.7319219569811867
23333f35-0cbc3f0f.jpg,car,8,5,4,0.5,0.625,0.755777904270563
23333f35-0cbc3f0f.jpg,all,8,5,4,0.5,0.625,0.755777904270563
23df146f-64b50e4c.jpg,car,8,7,6,0.75,0.875,0.8389181083507576
23df146f-64b50e4c.jpg,truck,1,0,0,0.0,0.0,
23df146f-64b50e4c.jpg,all,9,7,6,0.6666666666666666,0.7777777777777778,0.8389181083507576
24392d7c-998011c2.jpg,car,6,2,2,0.3333333333333333,0.3333333333333333,0.8928468333926854
24392d7c-998011c2.jpg,all,6,2,2,0.3333333333333333,0.3333333333333333,0.8928468333926854
250e7595-b14da270.jpg,car,7,3,1,0.14285714285714285,0.42857142857142855,0.8421208858928915
250e7595-b14da270.jpg,all,7,3,1,0.14285714285714285,0.42857142857142855,0.8421208858928915
26190b83-39ccb412.jpg,car,18,11,7,0.3888888888888889,0.6111111111111112,0.8057422247121779
26190b83-39ccb412.jpg,truck,1,0,0,0.0,0.0,
26190b83-39ccb412.jpg,all,19,11,7,0.3684210526315789,0.5789473684210527,0.8057422247121779
272d52f6-8aac36b3.jpg,car,10,7,6,0.6,0.7,0.8586691957688514
272d52f6-8aac36b3.jpg,truck,2,0,0,0.0,0.0,
272d52f6-8aac36b3.jpg,all,12,7,6,0.5,0.5833333333333334,0.8586691957688514
2752681a-e813599a.jpg,car,6,4,4,0.6666666666666666,0.6666666666666666,0.7535015519551996
2752681a-e813599a.jpg,all,6,4,4,0.6666666666666666,0.6666666666666666,0.7535015519551996
27645526-f038b033.jpg,car,16,8,7,0.4375,0.5,0.8225894997483074
27645526-f038b033.jpg,truck,1,1,0,0.0,1.0,
27645526-f038b033.jpg,all,17,9,7,0.4117647058823529,0.5294117647058824,0.8225894997483074
2773af6f-23e23a6b.jpg,car,10,9,7,0.7,0.9,0.7713252948528044
2773af6f-23e23a6b.jpg,all,10,9,7,0.7,0.9,0.7713252948528044
28faf684-03ef4c6e.jpg,car,15,4,4,0.26666666666666666,0.26666666666666666,0.8301834222661292
28faf684-03ef4c6e.jpg,all,15,4,4,0.26666666666666666,0.26666666666666666,0.8301834222661292
292720ee-d847ee69.jpg,bus,1,0,0,0.0,0.0,
292720ee-d847ee69.jpg,car,12,5,4,0.3333333333333333,0.4166666666666667,0.9305615099870995
292720ee-d847ee69.jpg,all,13,5,4,0.3076923076923077,0.38461538461538464,0.9305615099870995
2b54fe2d-c5b810e6.jpg,car,8,5,4,0.5,0.625,0.6930921851965396
2b54fe2d-c5b810e6.jpg,truck,1,1,1,1.0,1.0,0.9370729684919351
2b54fe2d-c5b810e6.jpg,all,9,6,5,0.5555555555555556,0.6666666666666666,0.7418883418556186
2b605c48-8dfe352b.jpg,bus,1,0,0,0.0,0.0,
2b605c48-8dfe352b.jpg,car,23,5,4,0.17391304347826086,0.21739130434782608,0.5867031242189399
2b605c48-8dfe352b.jpg,truck,1,0,0,0.0,0.0,
2b605c48-8dfe352b.jpg,all,25,5,4,0.16,0.2,0.5867031242189399
2beccce2-354608e2.jpg,car,11,7,6,0.5454545454545454,0.6363636363636364,0.864317884961817
2beccce2-354608e2.jpg,truck,1,0,0,0.0,0.0,
2beccce2-354608e2.jpg,all,12,7,6,0.5,0.5833333333333334,0.864317884961817
2c87e51d-aa7a8031.jpg,car,9,8,6,0.6666666666666666,0.8888888888888888,0.862599912142711
2c87e51d-aa7a8031.jpg,all,9,8,6,0.6666666666666666,0.8888888888888888,0.862599912142711
2ce0b449-e818dc97.jpg,car,6,4,4,0.6666666666666666,0.6666666666666666,0.7744490040027117
2ce0b449-e818dc97.jpg,all,6,4,4,0.6666666666666666,0.6666666666666666,0.7744490040027117
2cf976a2-479cd46b.jpg,car,10,7,7,0.7,0.7,0.7066164115439876
2cf976a2-479cd46b.jpg,truck,1,1,1,1.0,1.0,0.9367218512169037
2cf976a2-479cd46b.jpg,all,11,8,8,0.7272727272727273,0.7272727272727273,0.7353795915031021
2e2fae77-b7497ca0.jpg,car,10,8,7,0.7,0.8,0.8199004759489369
2e2fae77-b7497ca0.jpg,truck,1,0,0,0.0,0.0,
2e2fae77-b7497ca0.jpg,all,11,8,7,0.6363636363636364,0.7272727272727273,0.8199004759489369
2ead8042-2493c03f.jpg,car,8,6,6,0.75,0.75,0.7445993401970035
2ead8042-2493c03f.jpg,all,8,6,6,0.75,0.75,0.7445993401970035
2f1864c1-1a17d11c.jpg,car,25,14,11,0.44,0.56,0.8246167147606339
2f1864c1-1a17d11c.jpg,truck,2,0,0,0.0,0.0,
2f1864c1-1a17d11c.jpg,all,27,14,11,0.4074074074074074,0.5185185185185185,0.8246167147606339
2f879dc0-b09e4824.jpg,car,3,2,1,0.3333333333333333,0.6666666666666666,0.8745516037643125
2f879dc0-b09e4824.jpg,truck,2,0,0,0.0,0.0,
2f879dc0-b09e4824.jpg,all,5,2,1,0.2,0.4,0.8745516037643125
2fc9ad1e-ee4c9e43.jpg,car,21,11,10,0.47619047619047616,0.5238095238095238,0.8211320780667224
2fc9ad1e-ee4c9e43.jpg,all,21,11,10,0.47619047619047616,0.5238095238095238,0.8211320780667224
3050b249-0ffbd6ec.jpg,car,11,6,5,0.45454545454545453,0.5454545454545454,0.8370791068554493
3050b249-0ffbd6ec.jpg,all,11,6,5,0.45454545454545453,0.5454545454545454,0.8370791068554493
314cc010-3eab5c90.jpg,car,7,7,5,0.7142857142857143,1.0,0.7799017518589016
314cc010-3eab5c90.jpg,truck,1,0,0,0.0,0.0,
314cc010-3eab5c90.jpg,all,8,7,5,0.625,0.875,0.7799017518589016
31765c6b-90b0d612.jpg,car,18,12,11,0.6111111111111112,0.6666666666666666,0.7882691202018962
31765c6b-90b0d612.jpg,all,18,12,11,0.6111111111111112,0.6666666666666666,0.7882691202018962
31cf6eba-5c84c636.jpg,car,7,5,5,0.7142857142857143,0.7142857142857143,0.7803436510584897
31cf6eba-5c84c636.jpg,truck,0,1,0,,,
31cf6eba-5c84c636.jpg,all,7,6,5,0.7142857142857143,0.8571428571428571,0.7803436510584897
32de2244-122f1783.jpg,car,5,3,2,0.4,0.6,0.7555673216381404
32de2244-122f1783.jpg,all,5,3,2,0.4,0.6,0.7555673216381404
33420085-32996107.jpg,car,19,8,7,0.3684210526315789,0.42105263157894735,0.882116155508628
33420085-32996107.jpg,truck,1,0,0,0.0,0.0,
33420085-32996107.jpg,all,20,8,7,0.35,0.4,0.882116155508628
3430a5e6-00ec38d2.jpg,car,4,3,2,0.5,0.75,0.8323585898482195
3430a5e6-00ec38d2.jpg,all,4,3,2,0.5,0.75,0.8323585898482195
35eb46d0-8f7e28a0.jpg,car,13,5,5,0.38461538461538464,0.38461538461538464,0.8761253350982455
35eb46d0-8f7e28a0.jpg,truck,2,1,1,0.5,0.5,0.8949662571249557
35eb46d0-8f7e28a0.jpg,all,15,6,6,0.4,0.4,0.8792654887693638
3735fc3d-69d8b80c.jpg,car,12,9,6,0.5,0.75,0.8384486125137586
3735fc3d-69d8b80c.jpg,all,12,9,6,0.5,0.75,0.8384486125137586
3740cd4f-ff1d423d.jpg,car,8,3,1,0.125,0.375,0.8712877121448478
3740cd4f-ff1d423d.jpg,truck,1,0,0,0.0,0.0,
3740cd4f-ff1d423d.jpg,all,9,3,1,0.1111111111111111,0.3333333333333333,0.8712877121448478
375abba2-9f2ed56c.jpg,car,17,18,15,0.8823529411764706,1.0588235294117647,0.7521149407364419
375abba2-9f2ed56c.jpg,truck,1,0,0,0.0,0.0,
375abba2-9f2ed56c.jpg,all,18,18,15,0.8333333333333334,1.0,0.7521149407364419
37723e55-31730cf5.jpg,car,9,7,3,0.3333333333333333,0.7777777777777778,0.7640440651843484
37723e55-31730cf5.jpg,all,9,7,3,0.3333333333333333,0.7777777777777778,0.7640440651843484
380a3f8e-ba4f0def.jpg,car,4,1,1,0.25,0.25,0.9462503194760521
380a3f8e-ba4f0def.jpg,all,4,1,1,0.25,0.25,0.9462503194760521
385b0f61-1aee12ef.jpg,car,25,11,8,0.32,0.44,0.8737860392447756
385b0f61-1aee12ef.jpg,truck,1,0,0,0.0,0.0,
385b0f61-1aee12ef.jpg,all,26,11,8,0.3076923076923077,0.4230769230769231,0.8737860392447756
3865fea7-b4fe472d.jpg,car,10,5,4,0.4,0.5,0.883017236361075
3865fea7-b4fe472d.jpg,truck,1,0,0,0.0,0.0,
3865fea7-b4fe472d.jpg,all,11,5,4,0.36363636363636365,0.45454545454545453,0.883017236361075
38e561dd-8ea8ae2d.jpg,car,5,4,4,0.8,0.8,0.8450121174681008
38e561dd-8ea8ae2d.jpg,truck,1,0,0,0.0,0.0,
38e561dd-8ea8ae2d.jpg,all,6,4,4,0.6666666666666666,0.6666666666666666,0.8450121174681008
38ed8d8d-93c48de2.jpg,car,7,4,2,0.2857142857142857,0.5714285714285714,0.8880794181289504
38ed8d8d-93c48de2.jpg,truck,1,1,1,1.0,1.0,0.931994701949653
38ed8d8d-93c48de2.jpg,all,8,5,3,0.375,0.625,0.9027178460691846
38ed8d8d-b1c230ef.jpg,car,18,9,8,0.4444444444444444,0.5,0.8273199182505049
38ed8d8d-b1c230ef.jpg,all,18,9,8,0.4444444444444444,0.5,0.8273199182505049
38ed8d8d-fa50400c.jpg,car,6,2,2,0.3333333333333333,0.3333333333333333,0.7796728882704351
38ed8d8d-fa50400c.jpg,truck,1,1,1,1.0,1.0,0.9189157085855975
38ed8d8d-fa50400c.jpg,all,7,3,3,0.42857142857142855,0.42857142857142855,0.8260871617088226
3900ad8c-8834019f.jpg,car,8,2,2,0.25,0.25,0.7378683727869574
3900ad8c-8834019f.jpg,truck,2,1,1,0.5,0.5,0.9089925338604841
3900ad8c-8834019f.jpg,all,10,3,3,0.3,0.3,0.7949097598114663
39ddb110-04604b9c.jpg,car,15,5,4,0.26666666666666666,0.3333333333333333,0.7761089644027976
39ddb110-04604b9c.jpg,all,15,5,4,0.26666666666666666,0.3333333333333333,0.7761089644027976
39fc6d1c-6155351d.jpg,car,29,12,8,0.27586206896551724,0.41379310344827586,0.8036578602983817
39fc6d1c-6155351d.jpg,all,29,12,8,0.27586206896551724,0.41379310344827586,0.8036578602983817
3a278d39-b92df256.jpg,car,5,6,3,0.6,1.2,0.9146248981948019
3a278d39-b92df256.jpg,truck,2,1,1,0.5,0.5,0.9033638465712557
3a278d39-b92df256.jpg,all,7,7,4,0.5714285714285714,1.0,0.9118096352889152
3a3407a2-df8ea956.jpg,car,25,20,16,0.64,0.8,0.7940251576034496
3a3407a2-df8ea956.jpg,all,25,20,16,0.64,0.8,0.7940251576034496
3ad0c4a7-2a3d544e.jpg,car,10,4,3,0.3,0.4,0.8632260801096822
3ad0c4a7-2a3d544e.jpg,all,10,4,3,0.3,0.4,0.8632260801096822
3b1e1bc1-ee64e36e.jpg,car,17,14,9,0.5294117647058824,0.8235294117647058,0.7483877159651563
3b1e1bc1-ee64e36e.jpg,all,17,14,9,0.5294117647058824,0.8235294117647058,0.7483877159651563
3b44ef5a-c09e8479.jpg,car,7,4,3,0.42857142857142855,0.5714285714285714,0.8840085831592157
3b44ef5a-c09e8479.jpg,all,7,4,3,0.42857142857142855,0.5714285714285714,0.8840085831592157
3b563c5e-0102edaf.jpg,car,12,13,11,0.9166666666666666,1.0833333333333333,0.7707745284564959
3b563c5e-0102edaf.jpg,all,12,13,11,0.9166666666666666,1.0833333333333333,0.7707745284564959
3b9716a6-d2566395.jpg,car,11,4,4,0.36363636363636365,0.36363636363636365,0.8492767908677522
3b9716a6-d2566395.jpg,all,11,4,4,0.36363636363636365,0.36363636363636365,0.8492767908677522
3c0bbdc2-79baffce.jpg,car,25,16,13,0.52,0.64,0.8220157866283342
3c0bbdc2-79baffce.jpg,truck,1,0,0,0.0,0.0,
3c0bbdc2-79baffce.jpg,all,26,16,13,0.5,0.6153846153846154,0.8220157866283342
3c5752b6-9c0bdf98.jpg,car,9,9,3,0.3333333333333333,1.0,0.8437656120876831
3c5752b6-9c0bdf98.jpg,all,9,9,3,0.3333333333333333,1.0,0.8437656120876831
3c95ae26-68abac3f.jpg,car,4,3,2,0.5,0.75,0.8204306293581146
3c95ae26-68abac3f.jpg,all,4,3,2,0.5,0.75,0.8204306293581146
3e0f1745-a95a63ad.jpg,car,8,2,2,0.25,0.25,0.8504681936546992
3e0f1745-a95a63ad.jpg,all,8,2,2,0.25,0.25,0.8504681936546992
3f4eb6a6-9eee52f9.jpg,car,9,5,4,0.4444444444444444,0.5555555555555556,0.9073665302994444
3f4eb6a6-9eee52f9.jpg,all,9,5,4,0.4444444444444444,0.5555555555555556,0.9073665302994444
3f85a987-1ef4053b.jpg,car,9,4,3,0.3333333333333333,0.4444444444444444,0.8354777324561541
3f85a987-1ef4053b.jpg,all,9,4,3,0.3333333333333333,0.4444444444444444,0.8354777324561541
3fe1feaa-10126fec.jpg,bus,2,1,1,0.5,0.5,0.8934305066836644
3fe1feaa-10126fec.jpg,car,6,4,4,0.6666666666666666,0.6666666666666666,0.8664746697593279
3fe1feaa-10126fec.jpg,truck,1,1,0,0.0,1.0,
3fe1feaa-10126fec.jpg,all,9,6,5,0.5555555555555556,0.6666666666666666,0.8718658371441952
3ffdaa26-b394f6f8.jpg,car,9,7,5,0.5555555555555556,0.7777777777777778,0.8422796924172177
3ffdaa26-b394f6f8.jpg,all,9,7,5,0.5555555555555556,0.7777777777777778,0.8422796924172177
4027c10d-41d54e9b.jpg,car,6,6,4,0.6666666666666666,1.0,0.8053318048975737
4027c10d-41d54e9b.jpg,all,6,6,4,0.6666666666666666,1.0,0.8053318048975737
428e99ea-4166e549.jpg,car,5,6,5,1.0,1.2,0.8293875756957103
428e99ea-4166e549.jpg,truck,2,1,1,0.5,0.5,0.9362653899663018
428e99ea-4166e549.jpg,all,7,7,6,0.8571428571428571,1.0,0.8472005447408089
42e0dd11-74b81997.jpg,car,7,5,5,0.7142857142857143,0.7142857142857143,0.7379392919400481
42e0dd11-74b81997.jpg,all,7,5,5,0.7142857142857143,0.7142857142857143,0.7379392919400481
430395d1-931c959e.jpg,car,19,13,8,0.42105263157894735,0.6842105263157895,0.780282018048271
430395d1-931c959e.jpg,truck,2,0,0,0.0,0.0,
430395d1-931c959e.jpg,all,21,13,8,0.38095238095238093,0.6190476190476191,0.780282018048271
43126e0d-495d04a5.jpg,car,4,2,2,0.5,0.5,0.7588660939788066
43126e0d-495d04a5.jpg,all,4,2,2,0.5,0.5,0.7588660939788066
43126e0d-cce96832.jpg,car,34,14,9,0.2647058823529412,0.4117647058823529,0.7920481167047525
43126e0d-cce96832.jpg,truck,2,0,0,0.0,0.0,
43126e0d-cce96832.jpg,all,36,14,9,0.25,0.3888888888888889,0.7920481167047525
432f9e20-83a0d96c.jpg,bus,1,0,0,0.0,0.0,
432f9e20-83a0d96c.jpg,car,4,3,2,0.5,0.75,0.7993560240515326
432f9e20-83a0d96c.jpg,all,5,3,2,0.4,0.6,0.7993560240515326
43c7ed5c-b0690325.jpg,car,9,2,1,0.1111111111111111,0.2222222222222222,0.6165465660168122
43c7ed5c-b0690325.jpg,truck,5,0,0,0.0,0.0,
43c7ed5c-b0690325.jpg,all,14,2,1,0.07142857142857142,0.14285714285714285,0.6165465660168122
44cc16d9-d2e06fd6.jpg,car,11,8,7,0.6363636363636364,0.7272727272727273,0.8528573392139218
44cc16d9-d2e06fd6.jpg,all,11,8,7,0.6363636363636364,0.7272727272727273,0.8528573392139218
45bafa98-1ee18a2f.jpg,car,8,4,3,0.375,0.5,0.8861352505398047
45bafa98-1ee18a2f.jpg,all,8,4,3,0.375,0.5,0.8861352505398047
46d048a1-8f7f385c.jpg,car,6,4,4,0.6666666666666666,0.6666666666666666,0.745492588977071
46d048a1-8f7f385c.jpg,truck,1,0,0,0.0,0.0,
46d048a1-8f7f385c.jpg,all,7,4,4,0.5714285714285714,0.5714285714285714,0.745492588977071
46f76df9-8bf77914.jpg,car,6,5,3,0.5,0.8333333333333334,0.7450935973092703
46f76df9-8bf77914.jpg,truck,4,2,2,0.5,0.5,0.8970539754703983
46f76df9-8bf77914.jpg,all,10,7,5,0.5,0.7,0.8058777485737215
480263a0-5aad7ae9.jpg,car,22,18,14,0.6363636363636364,0.8181818181818182,0.8203829550280598
480263a0-5aad7ae9.jpg,truck,2,0,0,0.0,0.0,
480263a0-5aad7ae9.jpg,all,24,18,14,0.5833333333333334,0.75,0.8203829550280598
488480d6-b94cf415.jpg,car,9,9,7,0.7777777777777778,1.0,0.8812104616890583
488480d6-b94cf415.jpg,truck,2,1,1,0.5,0.5,0.9089075946957063
488480d6-b94cf415.jpg,all,11,10,8,0.7272727272727273,0.9090909090909091,0.8846726033148893
48ed707e-5062e4c3.jpg,car,9,6,5,0.5555555555555556,0.6666666666666666,0.855923284780528
48ed707e-5062e4c3.jpg,all,9,6,5,0.5555555555555556,0.6666666666666666,0.855923284780528
4a289ff2-7da7feb6.jpg,car,15,10,8,0.5333333333333333,0.6666666666666666,0.8371962199592342
4a289ff2-7da7feb6.jpg,truck,1,1,0,0.0,1.0,
4a289ff2-7da7feb6.jpg,all,16,11,8,0.5,0.6875,0.8371962199592342
4a31f3e3-ac7ed780.jpg,car,3,1,1,0.3333333333333333,0.3333333333333333,0.8928857343604474
4a31f3e3-ac7ed780.jpg,all,3,1,1,0.3333333333333333,0.3333333333333333,0.8928857343604474
4b2e1dde-65b54419.jpg,car,27,20,17,0.6296296296296297,0.7407407407407407,0.7493791616148597
4b2e1dde-65b54419.jpg,all,27,20,17,0.6296296296296297,0.7407407407407407,0.7493791616148597
4d4a590b-4332c5ab.jpg,car,7,3,2,0.2857142857142857,0.42857142857142855,0.7594140111293728
4d4a590b-4332c5ab.jpg,truck,4,1,1,0.25,0.25,0.8619163546278588
4d4a590b-4332c5ab.jpg,all,11,4,3,0.2727272727272727,0.36363636363636365,0.7935814589622016
5069db50-52f5af30.jpg,car,6,3,2,0.3333333333333333,0.5,0.9157306484138898
5069db50-52f5af30.jpg,all,6,3,2,0.3333333333333333,0.5,0.9157306484138898
50866f46-30d1f303.jpg,car,18,8,7,0.3888888888888889,0.4444444444444444,0.8416759440500645
50866f46-30d1f303.jpg,all,18,8,7,0.3888888888888889,0.4444444444444444,0.8416759440500645
50b115d6-4b08a666.jpg,bus,2,1,1,0.5,0.5,0.9571580589222826
50b115d6-4b08a666.jpg,car,18,14,11,0.6111111111111112,0.7777777777777778,0.8648311159958876
50b115d6-4b08a666.jpg,all,20,15,12,0.6,0.75,0.8725250279064204
50b2e757-6c7d0f63.jpg,car,3,3,3,1.0,1.0,0.8277954839191324
50b2e757-6c7d0f63.jpg,all,3,3,3,1.0,1.0,0.8277954839191324
50d0fd05-8db58ebd.jpg,car,7,7,6,0.8571428571428571,1.0,0.8991058764648595
50d0fd05-8db58ebd.jpg,all,7,7,6,0.8571428571428571,1.0,0.8991058764648595
510671e9-603795e0.jpg,car,7,3,3,0.42857142857142855,0.42857142857142855,0.7785591558043796
510671e9-603795e0.jpg,all,7,3,3,0.42857142857142855,0.42857142857142855,0.7785591558043796
514a6d58-0790e0cd.jpg,car,3,2,1,0.3333333333333333,0.6666666666666666,0.8282505089690984
514a6d58-0790e0cd.jpg,truck,1,0,0,0.0,0.0,
514a6d58-0790e0cd.jpg,all,4,2,1,0.25,0.5,0.8282505089690984
5150bb50-300d52ce.jpg,bus,1,0,0,0.0,0.0,
5150bb50-300d52ce.jpg,car,25,18,13,0.52,0.72,0.7526539512399283
5150bb50-300d52ce.jpg,all,26,18,13,0.5,0.6923076923076923,0.7526539512399283
52799e9e-8c8673f3.jpg,car,11,8,5,0.45454545454545453,0.7272727272727273,0.7605570830891917
52799e9e-8c8673f3.jpg,all,11,8,5,0.45454545454545453,0.7272727272727273,0.7605570830891917
52bda346-fd8ac6e7.jpg,car,11,7,4,0.36363636363636365,0.6363636363636364,0.8891194594133629
52bda346-fd8ac6e7.jpg,all,11,7,4,0.36363636363636365,0.6363636363636364,0.8891194594133629
534418ba-ee05398f.jpg,bus,2,0,0,0.0,0.0,
534418ba-ee05398f.jpg,car,18,14,13,0.7222222222222222,0.7777777777777778,0.804880410341802
534418ba-ee05398f.jpg,all,20,14,13,0.65,0.7,0.804880410341802
54360b72-e00a3f70.jpg,car,5,5,4,0.8,1.0,0.7672443481096136
54360b72-e00a3f70.jpg,all,5,5,4,0.8,1.0,0.7672443481096136
554d7cd5-a32486dd.jpg,car,3,1,1,0.3333333333333333,0.3333333333333333,0.8604054335149782
554d7cd5-a32486dd.jpg,all,3,1,1,0.3333333333333333,0.3333333333333333,0.8604054335149782
559fed19-7893646f.jpg,car,11,6,2,0.18181818181818182,0.5454545454545454,0.9072581701060376
559fed19-7893646f.jpg,truck,2,1,1,0.5,0.5,0.8737288019881502
559fed19-7893646f.jpg,all,13,7,3,0.23076923076923078,0.5384615384615384,0.8960817140667418
57165857-e4d4a47f.jpg,car,3,4,1,0.3333333333333333,1.3333333333333333,0.6033337958321935
57165857-e4d4a47f.jpg,all,3,4,1,0.3333333333333333,1.3333333333333333,0.6033337958321935
5795bfe7-a599384a.jpg,car,17,9,8,0.47058823529411764,0.5294117647058824,0.8257487302742808
5795bfe7-a599384a.jpg,truck,0,1,0,,,
5795bfe7-a599384a.jpg,all,17,10,8,0.47058823529411764,0.5882352941176471,0.8257487302742808
57ac74e2-e86131f1.jpg,car,19,13,12,0.631578947368421,0.6842105263157895,0.722134477434441
57ac74e2-e86131f1.jpg,all,19,13,12,0.631578947368421,0.6842105263157895,0.722134477434441
57b495f2-6da6b1e5.jpg,car,10,7,5,0.5,0.7,0.7027425544792463
57b495f2-6da6b1e5.jpg,all,10,7,5,0.5,0.7,0.7027425544792463
585443c8-2621a6b1.jpg,car,16,11,9,0.5625,0.6875,0.7909997797700357
585443c8-2621a6b1.jpg,all,16,11,9,0.5625,0.6875,0.7909997797700357
5877b384-2545daf4.jpg,car,19,16,12,0.631578947368421,0.8421052631578947,0.8413631100231983
5877b384-2545daf4.jpg,all,19,16,12,0.631578947368421,0.8421052631578947,0.8413631100231983
587bb1bf-1aa00fe5.jpg,bus,1,0,0,0.0,0.0,
587bb1bf-1aa00fe5.jpg,car,11,8,6,0.5454545454545454,0.7272727272727273,0.8861386136470704
587bb1bf-1aa00fe5.jpg,truck,2,1,0,0.0,0.5,
587bb1bf-1aa00fe5.jpg,all,14,9,6,0.42857142857142855,0.6428571428571429,0.8861386136470704
5995c288-2d152172.jpg,car,15,9,5,0.3333333333333333,0.6,0.7560604283668265
5995c288-2d152172.jpg,truck,3,1,1,0.3333333333333333,0.3333333333333333,0.9535286409772608
5995c288-2d152172.jpg,all,18,10,6,0.3333333333333333,0.5555555555555556,0.7889717971352322
59cde7c7-344bffb1.jpg,car,26,10,9,0.34615384615384615,0.38461538461538464,0.7058113061491765
59cde7c7-344bffb1.jpg,all,26,10,9,0.34615384615384615,0.38461538461538464,0.7058113061491765
5a8f9b5d-1fdfd2d4.jpg,car,18,16,13,0.7222222222222222,0.8888888888888888,0.7761441781262481
5a8f9b5d-1fdfd2d4.jpg,truck,3,0,0,0.0,0.0,
5a8f9b5d-1fdfd2d4.jpg,all,21,16,13,0.6190476190476191,0.7619047619047619,0.7761441781262481
5ae83f9c-da990b49.jpg,car,9,7,4,0.4444444444444444,0.7777777777777778,0.7544475217052924
5ae83f9c-da990b49.jpg,truck,4,0,0,0.0,0.0,
5ae83f9c-da990b49.jpg,all,13,7,4,0.3076923076923077,0.5384615384615384,0.7544475217052924
5b2b4881-67a6cb87.jpg,bus,2,0,0,0.0,0.0,
5b2b4881-67a6cb87.jpg,car,15,8,8,0.5333333333333333,0.5333333333333333,0.864751074328209
5b2b4881-67a6cb87.jpg,truck,1,1,0,0.0,1.0,
5b2b4881-67a6cb87.jpg,all,18,9,8,0.4444444444444444,0.5,0.864751074328209
5b2fd56a-37759b05.jpg,bus,1,1,1,1.0,1.0,0.9633128834771791
5b2fd56a-37759b05.jpg,car,9,8,6,0.6666666666666666,0.8888888888888888,0.6955720748691311
5b2fd56a-37759b05.jpg,truck,1,0,0,0.0,0.0,
5b2fd56a-37759b05.jpg,all,11,9,7,0.6363636363636364,0.8181818181818182,0.7338207618131377
5b4b0b07-2fb56b82.jpg,bus,1,0,0,0.0,0.0,
5b4b0b07-2fb56b82.jpg,car,16,15,12,0.75,0.9375,0.7988825192278179
5b4b0b07-2fb56b82.jpg,truck,1,0,0,0.0,0.0,
5b4b0b07-2fb56b82.jpg,all,18,15,12,0.6666666666666666,0.8333333333333334,0.7988825192278179
5bc44a50-c371c4d0.jpg,car,12,6,5,0.4166666666666667,0.5,0.8540170150253068
5bc44a50-c371c4d0.jpg,all,12,6,5,0.4166666666666667,0.5,0.8540170150253068
5c4004b7-bf3b7941.jpg,car,16,8,8,0.5,0.5,0.7855787674259691
5c4004b7-bf3b7941.jpg,all,16,8,8,0.5,0.5,0.7855787674259691
5c534f5f-a76c7f4b.jpg,car,22,12,11,0.5,0.5454545454545454,0.8089821669706908
5c534f5f-a76c7f4b.jpg,truck,1,0,0,0.0,0.0,
5c534f5f-a76c7f4b.jpg,all,23,12,11,0.4782608695652174,0.5217391304347826,0.8089821669706908
5c5dc708-35460444.jpg,car,8,9,6,0.75,1.125,0.8325420819881978
5c5dc708-35460444.jpg,all,8,9,6,0.75,1.125,0.8325420819881978
5da6c6b6-76c54605.jpg,car,8,8,8,1.0,1.0,0.8509371355770842
5da6c6b6-76c54605.jpg,all,8,8,8,1.0,1.0,0.8509371355770842
5dc5141c-5890b5b1.jpg,car,8,6,5,0.625,0.75,0.8174805356122204
5dc5141c-5890b5b1.jpg,all,8,6,5,0.625,0.75,0.8174805356122204
5dd831da-bd00cf03.jpg,car,17,8,5,0.29411764705882354,0.47058823529411764,0.7534992007451402
5dd831da-bd00cf03.jpg,all,17,8,5,0.29411764705882354,0.47058823529411764,0.7534992007451402
5dfb063f-7bd23d5c.jpg,car,11,13,7,0.6363636363636364,1.1818181818181819,0.7562848310866669
5dfb063f-7bd23d5c.jpg,truck,1,0,0,0.0,0.0,
5dfb063f-7bd23d5c.jpg,all,12,13,7,0.5833333333333334,1.0833333333333333,0.7562848310866669
5e0b701e-d443d8c2.jpg,bus,1,0,0,0.0,0.0,
5e0b701e-d443d8c2.jpg,car,20,10,9,0.45,0.5,0.7671981722145894
5e0b701e-d443d8c2.jpg,truck,11,0,0,0.0,0.0,
5e0b701e-d443d8c2.jpg,all,32,10,9,0.28125,0.3125,0.7671981722145894
5e26f49d-0bc53c7e.jpg,car,1,1,1,1.0,1.0,0.7536496025788142
5e26f49d-0bc53c7e.jpg,all,1,1,1,1.0,1.0,0.7536496025788142
5e26f49d-9271bf00.jpg,car,11,8,5,0.45454545454545453,0.7272727272727273,0.797001309036607
5e26f49d-9271bf00.jpg,truck,1,0,0,0.0,0.0,
5e26f49d-9271bf00.jpg,all,12,8,5,0.4166666666666667,0.6666666666666666,0.797001309036607
5e625ec3-7b4fc682.jpg,car,15,10,8,0.5333333333333333,0.6666666666666666,0.7509379270256225
5e625ec3-7b4fc682.jpg,truck,1,0,0,0.0,0.0,
5e625ec3-7b4fc682.jpg,all,16,10,8,0.5,0.625,0.7509379270256225
5f9387ff-330136ae.jpg,bus,1,0,0,0.0,0.0,
5f9387ff-330136ae.jpg,car,10,11,7,0.7,1.1,0.7740676708275451
5f9387ff-330136ae.jpg,truck,4,1,1,0.25,0.25,0.976005228132511
5f9387ff-330136ae.jpg,all,15,12,8,0.5333333333333333,0.8,0.7993098654906658
5fa17a25-88b8e6b9.jpg,car,8,7,5,0.625,0.875,0.7111299449431937
5fa17a25-88b8e6b9.jpg,all,8,7,5,0.625,0.875,0.7111299449431937
5fa422e1-2d8dd765.jpg,bus,1,0,0,0.0,0.0,
5fa422e1-2d8dd765.jpg,car,14,12,6,0.42857142857142855,0.8571428571428571,0.830007897641138
5fa422e1-2d8dd765.jpg,truck,1,1,1,1.0,1.0,0.977116676353944
5fa422e1-2d8dd765.jpg,all,16,13,7,0.4375,0.8125,0.8510234374572532
5fb2a702-f56a339c.jpg,car,18,7,5,0.2777777777777778,0.3888888888888889,0.6912981011763202
5fb2a702-f56a339c.jpg,truck,1,0,0,0.0,0.0,
5fb2a702-f56a339c.jpg,all,19,7,5,0.2631578947368421,0.3684210526315789,0.6912981011763202
6011831b-0992e205.jpg,bus,1,0,0,0.0,0.0,
6011831b-0992e205.jpg,car,15,8,6,0.4,0.5333333333333333,0.8818605281746917
6011831b-0992e205.jpg,truck,0,1,0,,,
6011831b-0992e205.jpg,all,16,9,6,0.375,0.5625,0.8818605281746917
60137cc0-428b8f5b.jpg,car,14,9,8,0.5714285714285714,0.6428571428571429,0.8637475440446152
60137cc0-428b8f5b.jpg,all,14,9,8,0.5714285714285714,0.6428571428571429,0.8637475440446152
604b5b3e-3c2e6b6b.jpg,bus,1,0,0,0.0,0.0,
604b5b3e-3c2e6b6b.jpg,car,8,8,6,0.75,1.0,0.852672447587858
604b5b3e-3c2e6b6b.jpg,truck,1,0,0,0.0,0.0,
604b5b3e-3c2e6b6b.jpg,all,10,8,6,0.6,0.8,0.852672447587858
6092f5a2-424550ba.jpg,car,24,14,12,0.5,0.5833333333333334,0.6938279979221081
6092f5a2-424550ba.jpg,all,24,14,12,0.5,0.5833333333333334,0.6938279979221081
60ba25dd-6c0df417.jpg,car,11,6,3,0.2727272727272727,0.5454545454545454,0.8957831828192253
60ba25dd-6c0df417.jpg,truck,5,0,0,0.0,0.0,
60ba25dd-6c0df417.jpg,all,16,6,3,0.1875,0.375,0.8957831828192253
60c678e7-4813ae0f.jpg,car,2,3,2,1.0,1.5,0.8393764075382977
60c678e7-4813ae0f.jpg,truck,1,1,1,1.0,1.0,0.8803405674192212
60c678e7-4813ae0f.jpg,all,3,4,3,1.0,1.3333333333333333,0.8530311274986055
614ecada-16b0f8b6.jpg,car,14,7,6,0.42857142857142855,0.5,0.7347870105305635
614ecada-16b0f8b6.jpg,all,14,7,6,0.42857142857142855,0.5,0.7347870105305635
61e4ad87-53ceb455.jpg,car,3,3,3,1.0,1.0,0.8554827508012134
61e4ad87-53ceb455.jpg,truck,2,2,2,1.0,1.0,0.9170979354310407
61e4ad87-53ceb455.jpg,all,5,5,5,1.0,1.0,0.8801288246531442
6240d7b3-b51b5788.jpg,car,7,4,2,0.2857142857142857,0.5714285714285714,0.9520021656859592
6240d7b3-b51b5788.jpg,truck,0,1,0,,,
6240d7b3-b51b5788.jpg,all,7,5,2,0.2857142857142857,0.7142857142857143,0.9520021656859592
62aefb36-b685117f.jpg,car,6,4,3,0.5,0.6666666666666666,0.9340980923585596
62aefb36-b685117f.jpg,truck,0,1,0,,,
62aefb36-b685117f.jpg,all,6,5,3,0.5,0.8333333333333334,0.9340980923585596
634c1785-3bb9a8a2.jpg,car,13,9,8,0.6153846153846154,0.6923076923076923,0.7796673159321277
634c1785-3bb9a8a2.jpg,truck,1,0,0,0.0,0.0,
634c1785-3bb9a8a2.jpg,all,14,9,8,0.5714285714285714,0.6428571428571429,0.7796673159321277
634c1785-aeb1652f.jpg,car,11,8,6,0.5454545454545454,0.7272727272727273,0.8544634462228359
634c1785-aeb1652f.jpg,all,11,8,6,0.5454545454545454,0.7272727272727273,0.8544634462228359
63f73472-028615f1.jpg,car,13,8,8,0.6153846153846154,0.6153846153846154,0.7958189594621499
63f73472-028615f1.jpg,truck,1,1,1,1.0,1.0,0.9184558459899916
63f73472-028615f1.jpg,all,14,9,9,0.6428571428571429,0.6428571428571429,0.8094452801874656
6485ad0a-245d1600.jpg,bus,0,1,0,,,
6485ad0a-245d1600.jpg,car,12,13,8,0.6666666666666666,1.0833333333333333,0.7336873127105161
6485ad0a-245d1600.jpg,truck,1,1,1,1.0,1.0,0.9390638841089473
6485ad0a-245d1600.jpg,all,13,15,9,0.6923076923076923,1.1538461538461537,0.7565069317547862
648dc925-e359dbec.jpg,all,0,0,0,,,
65edc5a1-f309fed7.jpg,car,15,8,8,0.5333333333333333,0.5333333333333333,0.8871146774861307
65edc5a1-f309fed7.jpg,all,15,8,8,0.5333333333333333,0.5333333333333333,0.8871146774861307
661381d9-1114a810.jpg,car,10,6,6,0.6,0.6,0.8212749691166632
661381d9-1114a810.jpg,all,10,6,6,0.6,0.6,0.8212749691166632
664cb246-f84cfaf4.jpg,car,2,1,1,0.5,0.5,0.8818021312603844
664cb246-f84cfaf4.jpg,all,2,1,1,0.5,0.5,0.8818021312603844
675cf8fa-4b1ce8b9.jpg,car,8,6,6,0.75,0.75,0.8647149788454697
675cf8fa-4b1ce8b9.jpg,all,8,6,6,0.75,0.75,0.8647149788454697
67faeadf-eb09a636.jpg,car,11,5,5,0.45454545454545453,0.45454545454545453,0.9038436136838282
67faeadf-eb09a636.jpg,all,11,5,5,0.45454545454545453,0.45454545454545453,0.9038436136838282
691be377-5dbc29ee.jpg,car,16,11,10,0.625,0.6875,0.7993857542413202
691be377-5dbc29ee.jpg,all,16,11,10,0.625,0.6875,0.7993857542413202
692f1303-05178963.jpg,car,17,8,7,0.4117647058823529,0.47058823529411764,0.7989077084800515
692f1303-05178963.jpg,all,17,8,7,0.4117647058823529,0.47058823529411764,0.7989077084800515
692f9b08-bdbbd729.jpg,car,14,11,7,0.5,0.7857142857142857,0.7801132188662498
692f9b08-bdbbd729.jpg,all,14,11,7,0.5,0.7857142857142857,0.7801132188662498
69bfbe31-5ee2a642.jpg,car,11,9,5,0.45454545454545453,0.8181818181818182,0.754234819000286
69bfbe31-5ee2a642.jpg,truck,2,0,0,0.0,0.0,
69bfbe31-5ee2a642.jpg,all,13,9,5,0.38461538461538464,0.6923076923076923,0.754234819000286
69cf7667-68f59649.jpg,car,23,11,8,0.34782608695652173,0.4782608695652174,0.7407510760780244
69cf7667-68f59649.jpg,truck,2,1,1,0.5,0.5,0.9406543207092161
69cf7667-68f59649.jpg,all,25,12,9,0.36,0.48,0.7629625477037123
69cf7667-7eb40860.jpg,bus,1,0,0,0.0,0.0,
69cf7667-7eb40860.jpg,car,5,8,3,0.6,1.6,0.8620372366534007
69cf7667-7eb40860.jpg,truck,1,0,0,0.0,0.0,
69cf7667-7eb40860.jpg,all,7,8,3,0.42857142857142855,1.1428571428571428,0.8620372366534007
6a44fb9a-05a3dd18.jpg,bus,1,0,0,0.0,0.0,
6a44fb9a-05a3dd18.jpg,car,18,12,10,0.5555555555555556,0.6666666666666666,0.7285509824385343
6a44fb9a-05a3dd18.jpg,truck,1,0,0,0.0,0.0,
6a44fb9a-05a3dd18.jpg,all,20,12,10,0.5,0.6,0.7285509824385343
6a793e80-4f5e207f.jpg,car,13,12,9,0.6923076923076923,0.9230769230769231,0.8282619597918726
6a793e80-4f5e207f.jpg,truck,1,0,0,0.0,0.0,
6a793e80-4f5e207f.jpg,all,14,12,9,0.6428571428571429,0.8571428571428571,0.8282619597918726
6a82c0d6-b31f6b90.jpg,car,8,8,3,0.375,1.0,0.8673988328159484
6a82c0d6-b31f6b90.jpg,truck,3,0,0,0.0,0.0,
6a82c0d6-b31f6b90.jpg,all,11,8,3,0.2727272727272727,0.7272727272727273,0.8673988328159484
6a8d218d-14e4fa28.jpg,car,13,6,6,0.46153846153846156,0.46153846153846156,0.8370090643216948
6a8d218d-14e4fa28.jpg,truck,6,1,1,0.16666666666666666,0.16666666666666666,0.926668531140311
6a8d218d-14e4fa28.jpg,all,19,7,7,0.3684210526315789,0.3684210526315789,0.8498175595814972
6ad110c3-789e7724.jpg,car,14,6,5,0.35714285714285715,0.42857142857142855,0.708980909822639
6ad110c3-789e7724.jpg,all,14,6,5,0.35714285714285715,0.42857142857142855,0.708980909822639
6b15392a-3a1699fd.jpg,car,10,7,3,0.3,0.7,0.7412518482940099
6b15392a-3a1699fd.jpg,all,10,7,3,0.3,0.7,0.7412518482940099
6b784eee-0a5a2c89.jpg,car,23,12,9,0.391304347826087,0.5217391304347826,0.7828663178404208
6b784eee-0a5a2c89.jpg,truck,2,0,0,0.0,0.0,
6b784eee-0a5a2c89.jpg,all,25,12,9,0.36,0.48,0.7828663178404208
6bb5a881-15e5c2c4.jpg,car,5,5,4,0.8,1.0,0.899084850792834
6bb5a881-15e5c2c4.jpg,all,5,5,4,0.8,1.0,0.899084850792834
6bd41587-d65ba5b4.jpg,car,19,17,10,0.5263157894736842,0.8947368421052632,0.8032952595026991
6bd41587-d65ba5b4.jpg,truck,3,0,0,0.0,0.0,
6bd41587-d65ba5b4.jpg,all,22,17,10,0.45454545454545453,0.7727272727272727,0.8032952595026991
6d0d7bef-fb11b6e1.jpg,car,8,6,4,0.5,0.75,0.6747721836052092
6d0d7bef-fb11b6e1.jpg,truck,1,0,0,0.0,0.0,
6d0d7bef-fb11b6e1.jpg,all,9,6,4,0.4444444444444444,0.6666666666666666,0.6747721836052092
6d57736c-a35808b9.jpg,car,6,4,4,0.6666666666666666,0.6666666666666666,0.8845954510553056
6d57736c-a35808b9.jpg,all,6,4,4,0.6666666666666666,0.6666666666666666,0.8845954510553056
6d8a6d94-00a7ad92.jpg,bus,1,0,0,0.0,0.0,
6d8a6d94-00a7ad92.jpg,car,10,8,7,0.7,0.8,0.8274453970982275
6d8a6d94-00a7ad92.jpg,truck,1,0,0,0.0,0.0,
6d8a6d94-00a7ad92.jpg,all,12,8,7,0.5833333333333334,0.6666666666666666,0.8274453970982275
6eeed3fa-87a1b0c9.jpg,car,13,12,9,0.6923076923076923,0.9230769230769231,0.796133713228749
6eeed3fa-87a1b0c9.jpg,truck,1,0,0,0.0,0.0,
6eeed3fa-87a1b0c9.jpg,all,14,12,9,0.6428571428571429,0.8571428571428571,0.796133713228749
701992bd-8a457895.jpg,car,17,9,7,0.4117647058823529,0.5294117647058824,0.7998541681689174
701992bd-8a457895.jpg,all,17,9,7,0.4117647058823529,0.5294117647058824,0.7998541681689174
7171644d-4e74752e.jpg,car,20,10,8,0.4,0.5,0.7335060500222854
7171644d-4e74752e.jpg,all,20,10,8,0.4,0.5,0.7335060500222854
7171644d-ee92c71e.jpg,car,19,13,9,0.47368421052631576,0.6842105263157895,0.7327332883396115
7171644d-ee92c71e.jpg,all,19,13,9,0.47368421052631576,0.6842105263157895,0.7327332883396115
72f22fa5-8af4615c.jpg,car,6,7,5,0.8333333333333334,1.1666666666666667,0.8190250183320125
72f22fa5-8af4615c.jpg,truck,1,0,0,0.0,0.0,
72f22fa5-8af4615c.jpg,all,7,7,5,0.7142857142857143,1.0,0.8190250183320125
72fd00fe-aeadfc89.jpg,car,18,6,3,0.16666666666666666,0.3333333333333333,0.8545921077318157
72fd00fe-aeadfc89.jpg,all,18,6,3,0.16666666666666666,0.3333333333333333,0.8545921077318157
730c67a5-563e9b1f.jpg,car,1,1,1,1.0,1.0,0.8978945276175692
730c67a5-563e9b1f.jpg,all,1,1,1,1.0,1.0,0.8978945276175692
738a2bcd-7a6fde0d.jpg,all,0,0,0,,,
73aff960-d46366ec.jpg,bus,2,0,0,0.0,0.0,
73aff960-d46366ec.jpg,car,5,6,4,0.8,1.2,0.7631514728878355
73aff960-d46366ec.jpg,truck,3,1,1,0.3333333333333333,0.3333333333333333,0.8711683246825699
73aff960-d46366ec.jpg,all,10,7,5,0.5,0.7,0.7847548432467824
73d338d6-edf0b3db.jpg,bus,1,0,0,0.0,0.0,
73d338d6-edf0b3db.jpg,car,2,2,1,0.5,1.0,0.8493538765054232
73d338d6-edf0b3db.jpg,all,3,2,1,0.3333333333333333,0.6666666666666666,0.8493538765054232
75ad1fff-77299093.jpg,car,23,15,10,0.43478260869565216,0.6521739130434783,0.7743208388884987
75ad1fff-77299093.jpg,truck,1,0,0,0.0,0.0,
75ad1fff-77299093.jpg,all,24,15,10,0.4166666666666667,0.625,0.7743208388884987
75f5f52c-6b67e736.jpg,car,5,5,3,0.6,1.0,0.5943108685386006
75f5f52c-6b67e736.jpg,all,5,5,3,0.6,1.0,0.5943108685386006
777005a8-14c739ad.jpg,car,6,6,5,0.8333333333333334,1.0,0.8025864242283252
777005a8-14c739ad.jpg,truck,1,0,0,0.0,0.0,
777005a8-14c739ad.jpg,all,7,6,5,0.7142857142857143,0.8571428571428571,0.8025864242283252
7771e03b-832e52c0.jpg,car,4,3,2,0.5,0.75,0.8837190853389046
7771e03b-832e52c0.jpg,truck,2,1,1,0.5,0.5,0.9538108725840021
7771e03b-832e52c0.jpg,all,6,4,3,0.5,0.6666666666666666,0.9070830144206038
7771e03b-a8f9d50c.jpg,bus,1,0,0,0.0,0.0,
7771e03b-a8f9d50c.jpg,car,15,6,6,0.4,0.4,0.8114418536991783
7771e03b-a8f9d50c.jpg,all,16,6,6,0.375,0.375,0.8114418536991783
7797fea2-c37f9856.jpg,bus,1,0,0,0.0,0.0,
7797fea2-c37f9856.jpg,car,19,14,6,0.3157894736842105,0.7368421052631579,0.7107951010579995
7797fea2-c37f9856.jpg,all,20,14,6,0.3,0.7,0.7107951010579995
77bdbeb0-edb0613f.jpg,car,7,3,3,0.42857142857142855,0.42857142857142855,0.7506234755484353
77bdbeb0-edb0613f.jpg,all,7,3,3,0.42857142857142855,0.42857142857142855,0.7506234755484353
77dca577-16a39ea0.jpg,car,7,2,1,0.14285714285714285,0.2857142857142857,0.8565241418356627
77dca577-16a39ea0.jpg,all,7,2,1,0.14285714285714285,0.2857142857142857,0.8565241418356627
77f810c4-43a39c1f.jpg,car,14,12,11,0.7857142857142857,0.8571428571428571,0.8753787534630484
77f810c4-43a39c1f.jpg,all,14,12,11,0.7857142857142857,0.8571428571428571,0.8753787534630484
7814206e-8e991d51.jpg,car,10,5,4,0.4,0.5,0.6729530960818703
7814206e-8e991d51.jpg,all,10,5,4,0.4,0.5,0.6729530960818703
7814206e-ea2508d0.jpg,car,4,4,4,1.0,1.0,0.8487673192271364
7814206e-ea2508d0.jpg,all,4,4,4,1.0,1.0,0.8487673192271364
79e177bc-4d5d3acc.jpg,car,27,8,5,0.18518518518518517,0.2962962962962963,0.8531811832080219
79e177bc-4d5d3acc.jpg,all,27,8,5,0.18518518518518517,0.2962962962962963,0.8531811832080219
7aa4ff0f-9d28d8a4.jpg,car,3,5,2,0.6666666666666666,1.6666666666666667,0.7510467990466709
7aa4ff0f-9d28d8a4.jpg,all,3,5,2,0.6666666666666666,1.6666666666666667,0.7510467990466709
7ad1174c-373265eb.jpg,bus,1,0,0,0.0,0.0,
7ad1174c-373265eb.jpg,car,19,9,7,0.3684210526315789,0.47368421052631576,0.798557547626635
7ad1174c-373265eb.jpg,truck,0,1,0,,,
7ad1174c-373265eb.jpg,all,20,10,7,0.35,0.5,0.798557547626635
7b268b98-e0ec16c3.jpg,car,15,11,7,0.4666666666666667,0.7333333333333333,0.8014712045213513
7b268b98-e0ec16c3.jpg,truck,1,0,0,0.0,0.0,
7b268b98-e0ec16c3.jpg,all,16,11,7,0.4375,0.6875,0.8014712045213513
7c5a2048-332896ea.jpg,car,5,5,4,0.8,1.0,0.7733122267952628
7c5a2048-332896ea.jpg,all,5,5,4,0.8,1.0,0.7733122267952628
7c5d50c5-7292de37.jpg,car,10,5,4,0.4,0.5,0.8808512107514618
7c5d50c5-7292de37.jpg,truck,1,0,0,0.0,0.0,
7c5d50c5-7292de37.jpg,all,11,5,4,0.36363636363636365,0.45454545454545453,0.8808512107514618
7d1fe115-936a2f47.jpg,car,8,6,5,0.625,0.75,0.7586175118643309
7d1fe115-936a2f47.jpg,all,8,6,5,0.625,0.75,0.7586175118643309
7dc2914d-a20a969a.jpg,car,17,13,10,0.5882352941176471,0.7647058823529411,0.8321687914087237
7dc2914d-a20a969a.jpg,truck,1,0,0,0.0,0.0,
7dc2914d-a20a969a.jpg,all,18,13,10,0.5555555555555556,0.7222222222222222,0.8321687914087237
7e4ab78b-4a62c63e.jpg,car,4,3,2,0.5,0.75,0.8454748107624823
7e4ab78b-4a62c63e.jpg,all,4,3,2,0.5,0.75,0.8454748107624823
7e590c49-93f03732.jpg,car,11,7,4,0.36363636363636365,0.6363636363636364,0.8079162527516015
7e590c49-93f03732.jpg,truck,1,0,0,0.0,0.0,
7e590c49-93f03732.jpg,all,12,7,4,0.3333333333333333,0.5833333333333334,0.8079162527516015
7ed57d0a-d7bcc13d.jpg,car,11,10,5,0.45454545454545453,0.9090909090909091,0.7679349080132327
7ed57d0a-d7bcc13d.jpg,truck,1,0,0,0.0,0.0,
7ed57d0a-d7bcc13d.jpg,all,12,10,5,0.4166666666666667,0.8333333333333334,0.7679349080132327
7f0ef682-c93899df.jpg,car,8,8,5,0.625,1.0,0.8312770092723394
7f0ef682-c93899df.jpg,all,8,8,5,0.625,1.0,0.8312770092723394
7f4ac354-777de900.jpg,car,4,4,2,0.5,1.0,0.8365036744486922
7f4ac354-777de900.jpg,truck,3,2,2,0.6666666666666666,0.6666666666666666,0.9190006523400678
7f4ac354-777de900.jpg,all,7,6,4,0.5714285714285714,0.8571428571428571,0.87775216339438
7f9bdf0d-c0e0061f.jpg,car,12,12,7,0.5833333333333334,1.0,0.7426253692651088
7f9bdf0d-c0e0061f.jpg,truck,4,0,0,0.0,0.0,
7f9bdf0d-c0e0061f.jpg,all,16,12,7,0.4375,0.75,0.7426253692651088
7fd14da9-a855494b.jpg,car,6,3,3,0.5,0.5,0.9277185002030487
7fd14da9-a855494b.jpg,all,6,3,3,0.5,0.5,0.9277185002030487
801bff84-a72998c7.jpg,car,4,2,1,0.25,0.5,0.7044520252407159
801bff84-a72998c7.jpg,all,4,2,1,0.25,0.5,0.7044520252407159
8073de38-f7eab6ec.jpg,car,13,8,6,0.46153846153846156,0.6153846153846154,0.8428738777641124
8073de38-f7eab6ec.jpg,truck,2,0,0,0.0,0.0,
8073de38-f7eab6ec.jpg,all,15,8,6,0.4,0.5333333333333333,0.8428738777641124
8082ea05-1a7bcd47.jpg,car,8,6,6,0.75,0.75,0.8506955265884439
8082ea05-1a7bcd47.jpg,all,8,6,6,0.75,0.75,0.8506955265884439
80ecebc0-ca9605f4.jpg,car,3,2,1,0.3333333333333333,0.6666666666666666,0.8153835556490263
80ecebc0-ca9605f4.jpg,truck,1,0,0,0.0,0.0,
80ecebc0-ca9605f4.jpg,all,4,2,1,0.25,0.5,0.8153835556490263
81ec3b39-1951f79e.jpg,car,10,8,5,0.5,0.8,0.8973979785366811
81ec3b39-1951f79e.jpg,all,10,8,5,0.5,0.8,0.8973979785366811
82b14c0c-79b99258.jpg,car,6,6,5,0.8333333333333334,1.0,0.8574847563067216
82b14c0c-79b99258.jpg,all,6,6,5,0.8333333333333334,1.0,0.8574847563067216
82b5fc3b-90cadd1b.jpg,car,17,15,10,0.5882352941176471,0.8823529411764706,0.773883835935538
82b5fc3b-90cadd1b.jpg,all,17,15,10,0.5882352941176471,0.8823529411764706,0.773883835935538
82f03471-8e304dd5.jpg,car,17,7,5,0.29411764705882354,0.4117647058823529,0.8698085375347182
82f03471-8e304dd5.jpg,all,17,7,5,0.29411764705882354,0.4117647058823529,0.8698085375347182
836fa13a-d6058a12.jpg,car,22,10,7,0.3181818181818182,0.45454545454545453,0.7460486208336382
836fa13a-d6058a12.jpg,all,22,10,7,0.3181818181818182,0.45454545454545453,0.7460486208336382
84fb3f59-7d5d1fa4.jpg,bus,1,0,0,0.0,0.0,
84fb3f59-7d5d1fa4.jpg,car,8,7,5,0.625,0.875,0.744865887890014
84fb3f59-7d5d1fa4.jpg,truck,0,1,0,,,
84fb3f59-7d5d1fa4.jpg,all,9,8,5,0.5555555555555556,0.8888888888888888,0.744865887890014
8542b4da-7795bcfd.jpg,car,4,3,3,0.75,0.75,0.7373154619764404
8542b4da-7795bcfd.jpg,all,4,3,3,0.75,0.75,0.7373154619764404
85f3f250-1fef85ac.jpg,bus,1,0,0,0.0,0.0,
85f3f250-1fef85ac.jpg,car,19,14,10,0.5263157894736842,0.7368421052631579,0.7885300164881907
85f3f250-1fef85ac.jpg,all,20,14,10,0.5,0.7,0.7885300164881907
87ca2979-d5158824.jpg,car,17,10,9,0.5294117647058824,0.5882352941176471,0.8513659187623598
87ca2979-d5158824.jpg,all,17,10,9,0.5294117647058824,0.5882352941176471,0.8513659187623598
889b7dda-77f16103.jpg,car,13,4,4,0.3076923076923077,0.3076923076923077,0.8145205320129973
889b7dda-77f16103.jpg,truck,2,1,0,0.0,0.5,
889b7dda-77f16103.jpg,all,15,5,4,0.26666666666666666,0.3333333333333333,0.8145205320129973
88dbf01a-d8b35dee.jpg,car,13,5,4,0.3076923076923077,0.38461538461538464,0.7478916060718901
88dbf01a-d8b35dee.jpg,all,13,5,4,0.3076923076923077,0.38461538461538464,0.7478916060718901
897223bc-6938f1ab.jpg,car,6,6,4,0.6666666666666666,1.0,0.8328186350967007
897223bc-6938f1ab.jpg,truck,1,1,1,1.0,1.0,0.8899905007497279
897223bc-6938f1ab.jpg,all,7,7,5,0.7142857142857143,1.0,0.8442530082273063
89b7454d-880eacbd.jpg,car,9,2,1,0.1111111111111111,0.2222222222222222,0.6432710528480721
89b7454d-880eacbd.jpg,all,9,2,1,0.1111111111111111,0.2222222222222222,0.6432710528480721
89e85e71-7dd0a7b6.jpg,car,2,5,2,1.0,2.5,0.640406792690829
89e85e71-7dd0a7b6.jpg,all,2,5,2,1.0,2.5,0.640406792690829
8a4fbffe-47866ce9.jpg,bus,1,1,0,0.0,1.0,
8a4fbffe-47866ce9.jpg,car,13,14,10,0.7692307692307693,1.0769230769230769,0.7233432013023067
8a4fbffe-47866ce9.jpg,truck,4,2,2,0.5,0.5,0.8895714995685257
8a4fbffe-47866ce9.jpg,all,18,17,12,0.6666666666666666,0.9444444444444444,0.7510479176800099
8a76c101-8bcefc32.jpg,bus,1,0,0,0.0,0.0,
8a76c101-8bcefc32.jpg,car,8,3,2,0.25,0.375,0.9330544990646876
8a76c101-8bcefc32.jpg,truck,1,1,0,0.0,1.0,
8a76c101-8bcefc32.jpg,all,10,4,2,0.2,0.4,0.9330544990646876
8b7ef6c4-6bbcf25f.jpg,car,6,5,2,0.3333333333333333,0.8333333333333334,0.8446454525273476
8b7ef6c4-6bbcf25f.jpg,all,6,5,2,0.3333333333333333,0.8333333333333334,0.8446454525273476
8bac644e-e0437ead.jpg,car,17,9,7,0.4117647058823529,0.5294117647058824,0.8434031526101605
8bac644e-e0437ead.jpg,truck,1,0,0,0.0,0.0,
8bac644e-e0437ead.jpg,all,18,9,7,0.3888888888888889,0.5,0.8434031526101605
8c94c649-8ba62efa.jpg,car,10,6,4,0.4,0.6,0.8622523502730596
8c94c649-8ba62efa.jpg,all,10,6,4,0.4,0.6,0.8622523502730596
8c9bbaa9-34934b66.jpg,car,4,3,3,0.75,0.75,0.8017128521516025
8c9bbaa9-34934b66.jpg,all,4,3,3,0.75,0.75,0.8017128521516025
