img1,img2,method,n_keypoints_img1,n_keypoints_img2,n_good_matches,n_inliers,inlier_ratio,match_ratio,avg_match_distance,detect_time_sec,match_time_sec,visualization_path
00e9be89-00000015.jpg,00e9be89-00000100.jpg,orb,2000,2000,11,4,0.3636,0.0055,45.0,0.1583,0.0558,C:\Users\amit\Project_digital_image_processing__Amit_Alon\outputs\visualizations\task2\baseline_visualizations\match_00e9be89-00000015__00e9be89-00000100.png
00e9be89-00000100.jpg,00e9be89-00000105.jpg,orb,2000,2000,1000,985,0.985,0.5,23.055,0.0724,0.0605,C:\Users\amit\Project_digital_image_processing__Amit_Alon\outputs\visualizations\task2\baseline_visualizations\match_00e9be89-00000100__00e9be89-00000105.png
00e9be89-00000105.jpg,00e9be89-00000110.jpg,orb,2000,2000,1048,1036,0.9885,0.524,21.2023,0.0296,0.0301,C:\Users\amit\Project_digital_image_processing__Amit_Alon\outputs\visualizations\task2\baseline_visualizations\match_00e9be89-00000105__00e9be89-00000110.png
00e9be89-00000110.jpg,00e9be89-00000115.jpg,orb,2000,2000,1044,1034,0.9904,0.522,21.8602,0.0848,0.0242,C:\Users\amit\Project_digital_image_processing__Amit_Alon\outputs\visualizations\task2\baseline_visualizations\match_00e9be89-00000110__00e9be89-00000115.png
00e9be89-00000115.jpg,00e9be89-00000120.jpg,orb,2000,2000,1258,1252,0.9952,0.629,17.9269,0.0921,0.0528,C:\Users\amit\Project_digital_image_processing__Amit_Alon\outputs\visualizations\task2\baseline_visualizations\match_00e9be89-00000115__00e9be89-00000120.png
00e9be89-00000120.jpg,00e9be89-00000125.jpg,orb,2000,2000,694,680,0.9798,0.347,27.9265,0.0391,0.0247,
00e9be89-00000125.jpg,00e9be89-00000130.jpg,orb,2000,2000,856,842,0.9836,0.428,22.8785,0.0359,0.0758,
00e9be89-00000130.jpg,00e9be89-00000135.jpg,orb,2000,2000,972,966,0.9938,0.486,22.1317,0.0487,0.0205,
00e9be89-00000135.jpg,00e9be89-00000140.jpg,orb,2000,2000,1042,1028,0.9866,0.521,21.9971,0.0408,0.024,
00e9be89-00000140.jpg,00e9be89-00000145.jpg,orb,2000,2000,253,175,0.6917,0.1265,34.17,0.0392,0.0504,
00e9be89-00000145.jpg,00e9be89-00000150.jpg,orb,2000,2000,17,6,0.3529,0.0085,43.9412,0.0361,0.0272,
00e9be89-00000150.jpg,00e9be89-00000160.jpg,orb,2000,2000,8,5,0.625,0.004,43.875,0.0407,0.0239,
00e9be89-00000160.jpg,00e9be89-00000165.jpg,orb,2000,2000,8,5,0.625,0.004,42.375,0.0382,0.0516,
00e9be89-00000165.jpg,00e9be89-00000175.jpg,orb,2000,2000,8,4,0.5,0.004,41.25,0.0624,0.0227,
00e9be89-00000175.jpg,00e9be89-00000190.jpg,orb,2000,2000,7,4,0.5714,0.0035,46.0,0.0302,0.0487,
00e9be89-00000190.jpg,00e9be89-00001000.jpg,orb,2000,2000,4,4,1.0,0.002,42.75,0.0297,0.044,
00e9be89-00001000.jpg,00e9be89-00001005.jpg,orb,2000,2000,17,3,0.1765,0.0085,42.4706,0.0201,0.0521,
00e9be89-00001005.jpg,00e9be89-00001010.jpg,orb,2000,2000,12,4,0.3333,0.006,40.5,0.0488,0.0332,
00e9be89-00001010.jpg,00e9be89-00001015.jpg,orb,2000,1992,18,10,0.5556,0.009,40.3889,0.0286,0.0413,
00e9be89-00001015.jpg,00e9be89-00001020.jpg,orb,1992,2000,31,11,0.3548,0.0156,39.9677,0.0314,0.0227,
00e9be89-00001020.jpg,00e9be89-00001025.jpg,orb,2000,2000,15,8,0.5333,0.0075,39.1333,0.0258,0.0236,
00e9be89-00001025.jpg,00e9be89-00001030.jpg,orb,2000,2000,29,12,0.4138,0.0145,38.931,0.0312,0.0504,
00e9be89-00001030.jpg,00e9be89-00001035.jpg,orb,2000,2000,75,45,0.6,0.0375,34.6267,0.0245,0.0191,
00e9be89-00001035.jpg,00e9be89-00001040.jpg,orb,2000,2000,109,89,0.8165,0.0545,34.5229,0.0309,0.0245,
00e9be89-00001040.jpg,00e9be89-00001045.jpg,orb,2000,2000,192,117,0.6094,0.096,35.9427,0.0553,0.0562,
00e9be89-00001045.jpg,00e9be89-00001050.jpg,orb,2000,2000,60,38,0.6333,0.03,38.6833,0.0617,0.0238,
00e9be89-00001050.jpg,00e9be89-00001055.jpg,orb,2000,2000,110,42,0.3818,0.055,36.8182,0.0601,0.0507,
00e9be89-00001055.jpg,00e9be89-00001060.jpg,orb,2000,2000,121,57,0.4711,0.0605,36.6033,0.0329,0.0509,
00e9be89-00001060.jpg,00e9be89-00001065.jpg,orb,2000,2000,62,46,0.7419,0.031,35.7258,0.0266,0.0215,
00e9be89-00001065.jpg,00e9be89-00001070.jpg,orb,2000,2000,115,96,0.8348,0.0575,35.7478,0.0267,0.0551,
00e9be89-00001070.jpg,00e9be89-00001075.jpg,orb,2000,2000,59,37,0.6271,0.0295,37.5424,0.0645,0.0472,
00e9be89-00001075.jpg,00e9be89-00001080.jpg,orb,2000,2000,51,25,0.4902,0.0255,38.098,0.0608,0.0255,
00e9be89-00001080.jpg,00e9be89-00001090.jpg,orb,2000,2000,37,18,0.4865,0.0185,39.6486,0.0296,0.0457,
00e9be89-00001090.jpg,00e9be89-00001095.jpg,orb,2000,2000,63,46,0.7302,0.0315,34.6825,0.031,0.0262,
00e9be89-00001095.jpg,00e9be89-00001100.jpg,orb,2000,2000,66,39,0.5909,0.033,38.0,0.0326,0.0408,
00e9be89-00001100.jpg,00e9be89-00001105.jpg,orb,2000,2000,30,13,0.4333,0.015,41.6,0.03,0.0221,
00e9be89-00001105.jpg,00e9be89-00001115.jpg,orb,2000,2000,30,10,0.3333,0.015,46.5667,0.029,0.0533,
00e9be89-00001115.jpg,00e9be89-00001125.jpg,orb,2000,2000,21,3,0.1429,0.0105,44.0476,0.092,0.0417,
00e9be89-00001125.jpg,00e9be89-00001130.jpg,orb,2000,2000,47,26,0.5532,0.0235,34.0426,0.0632,0.0509,
00e9be89-00001130.jpg,00e9be89-00001135.jpg,orb,2000,2000,67,41,0.6119,0.0335,36.0149,0.0568,0.0601,
00e9be89-00001135.jpg,00e9be89-00001140.jpg,orb,2000,2000,74,57,0.7703,0.037,34.3378,0.0608,0.0514,
00e9be89-00001140.jpg,00e9be89-00001150.jpg,orb,2000,2000,61,41,0.6721,0.0305,34.3934,0.0441,0.0261,
00e9be89-00001150.jpg,00e9be89-00001155.jpg,orb,2000,2000,101,74,0.7327,0.0505,33.3663,0.0612,0.0245,
00e9be89-00001155.jpg,00e9be89-00001160.jpg,orb,2000,2000,92,56,0.6087,0.046,31.1304,0.0574,0.047,
00e9be89-00001160.jpg,00e9be89-00001165.jpg,orb,2000,2000,24,16,0.6667,0.012,36.5833,0.022,0.0256,
00e9be89-00001165.jpg,00e9be89-00001170.jpg,orb,2000,2000,54,31,0.5741,0.027,37.6481,0.0265,0.0215,
00e9be89-00001170.jpg,00e9be89-00001175.jpg,orb,2000,2000,29,16,0.5517,0.0145,37.2414,0.0281,0.0205,
00e9be89-00001175.jpg,00e9be89-00001180.jpg,orb,2000,2000,74,52,0.7027,0.037,37.2162,0.0263,0.0247,
00e9be89-00001180.jpg,00e9be89-00001185.jpg,orb,2000,2000,33,15,0.4545,0.0165,40.7273,0.035,0.0252,
00e9be89-00001185.jpg,00e9be89-00001190.jpg,orb,2000,2000,13,5,0.3846,0.0065,46.6154,0.0852,0.0335,
00e9be89-00001190.jpg,00e9be89-00001195.jpg,orb,2000,2000,13,7,0.5385,0.0065,45.0769,0.0662,0.0285,
00e9be89-00001195.jpg,00e9be89-00001200.jpg,orb,2000,1987,10,5,0.5,0.005,40.6,0.0854,0.0784,
00e9be89-00001200.jpg,00e9be89-00001205.jpg,orb,1987,1996,26,9,0.3462,0.0131,39.2692,0.066,0.0476,
00e9be89-00001205.jpg,00e9be89-00001210.jpg,orb,1996,2000,26,3,0.1154,0.013,40.6923,0.0614,0.023,
00e9be89-00001210.jpg,00e9be89-00001215.jpg,orb,2000,2000,40,28,0.7,0.02,38.85,0.055,0.0487,
00e9be89-00001215.jpg,00e9be89-00001220.jpg,orb,2000,2000,17,6,0.3529,0.0085,43.8824,0.07,0.0551,
00e9be89-00001220.jpg,00e9be89-00001225.jpg,orb,2000,2000,21,7,0.3333,0.0105,43.619,0.0658,0.0218,
00e9be89-00001225.jpg,00e9be89-00001230.jpg,orb,2000,2000,19,7,0.3684,0.0095,40.1579,0.0624,0.0526,
00e9be89-00001230.jpg,00e9be89-00001240.jpg,orb,2000,1819,70,56,0.8,0.0385,34.8571,0.0579,0.0504,
00e9be89-00001240.jpg,00e9be89-00001245.jpg,orb,1819,2000,27,14,0.5185,0.0148,39.3704,0.0514,0.0227,
00e9be89-00001245.jpg,00e9be89-00001250.jpg,orb,2000,2000,19,5,0.2632,0.0095,45.7895,0.0643,0.0539,
00e9be89-00001250.jpg,00e9be89-00001255.jpg,orb,2000,2000,40,23,0.575,0.02,35.7,0.0263,0.0238,
00e9be89-00001255.jpg,00e9be89-00001260.jpg,orb,2000,2000,36,27,0.75,0.018,36.3333,0.0388,0.0491,
00e9be89-00001260.jpg,00e9be89-00001265.jpg,orb,2000,2000,34,20,0.5882,0.017,37.0588,0.0698,0.0533,
00e9be89-00001265.jpg,00e9be89-00001270.jpg,orb,2000,2000,9,4,0.4444,0.0045,48.3333,0.0698,0.0507,
00e9be89-00001270.jpg,00e9be89-00001275.jpg,orb,2000,2000,7,7,1.0,0.0035,35.4286,0.0343,0.0219,
00e9be89-00001275.jpg,00e9be89-00001280.jpg,orb,2000,2000,9,4,0.4444,0.0045,47.0,0.0717,0.052,
00e9be89-00001280.jpg,00e9be89-00001285.jpg,orb,2000,2000,12,5,0.4167,0.006,40.25,0.0738,0.0462,
00e9be89-00001285.jpg,00e9be89-00001290.jpg,orb,2000,2000,16,5,0.3125,0.008,45.125,0.0335,0.0449,
00e9be89-00001290.jpg,00e9be89-00001295.jpg,orb,2000,2000,14,5,0.3571,0.007,43.3571,0.0411,0.0474,
00e9be89-00001295.jpg,00e9be89-00001305.jpg,orb,2000,2000,16,5,0.3125,0.008,43.5625,0.0674,0.0227,
00e9be89-00001305.jpg,00e9be89-00001310.jpg,orb,2000,2000,11,6,0.5455,0.0055,44.1818,0.0366,0.051,
00e9be89-00001310.jpg,00e9be89-00001315.jpg,orb,2000,2000,3,0,0.0,0.0015,47.0,0.0344,0.0458,
00e9be89-00001315.jpg,00e9be89-00001325.jpg,orb,2000,2000,30,8,0.2667,0.015,34.1333,0.0321,0.0474,
00e9be89-00001325.jpg,00e9be89-00001330.jpg,orb,2000,2000,28,9,0.3214,0.014,32.3571,0.0316,0.0439,
00e9be89-00001330.jpg,00e9be89-00001335.jpg,orb,2000,2000,13,5,0.3846,0.0065,37.7692,0.0206,0.0533,
00e9be89-00001335.jpg,00e9be89-00001340.jpg,orb,2000,2000,23,9,0.3913,0.0115,38.8696,0.0285,0.0201,
00e9be89-00001340.jpg,00e9be89-00001345.jpg,orb,2000,2000,8,6,0.75,0.004,39.875,0.0355,0.0542,
00e9be89-00001345.jpg,00e9be89-00001350.jpg,orb,2000,2000,16,8,0.5,0.008,43.75,0.0706,0.0227,
00e9be89-00001350.jpg,00e9be89-00001355.jpg,orb,2000,2000,21,12,0.5714,0.0105,36.7143,0.0381,0.0511,
00e9be89-00001355.jpg,00e9be89-00001360.jpg,orb,2000,2000,27,8,0.2963,0.0135,43.1852,0.0602,0.0574,
00e9be89-00001360.jpg,00e9be89-00001365.jpg,orb,2000,2000,29,10,0.3448,0.0145,38.9655,0.0341,0.0515,
00e9be89-00001365.jpg,00e9be89-00001370.jpg,orb,2000,2000,50,27,0.54,0.025,32.14,0.0308,0.0476,
00e9be89-00001370.jpg,00e9be89-00001375.jpg,orb,2000,2000,247,119,0.4818,0.1235,33.3806,0.0581,0.0273,
00e9be89-00001375.jpg,00e9be89-00001380.jpg,orb,2000,2000,340,150,0.4412,0.17,30.8735,0.0321,0.0477,
00e9be89-00001380.jpg,00e9be89-00001385.jpg,orb,2000,2000,296,160,0.5405,0.148,30.4831,0.03,0.0504,
00e9be89-00001385.jpg,00e9be89-00001390.jpg,orb,2000,2000,62,35,0.5645,0.031,31.4839,0.0327,0.0552,
00e9be89-00001390.jpg,00e9be89-00001395.jpg,orb,2000,2000,88,50,0.5682,0.044,30.6477,0.0544,0.0555,
00e9be89-00001395.jpg,00e9be89-00001400.jpg,orb,2000,2000,141,67,0.4752,0.0705,31.2128,0.0385,0.0819,
00e9be89-00001400.jpg,00e9be89-00001405.jpg,orb,2000,2000,134,61,0.4552,0.067,30.4776,0.0623,0.0501,
00e9be89-00001405.jpg,00e9be89-00001410.jpg,orb,2000,2000,121,53,0.438,0.0605,29.3884,0.0343,0.0521,
00e9be89-00001410.jpg,00e9be89-00001415.jpg,orb,2000,2000,226,68,0.3009,0.113,31.0177,0.0807,0.0655,
00e9be89-00001415.jpg,00e9be89-00001420.jpg,orb,2000,2000,116,40,0.3448,0.058,31.6983,0.0336,0.0531,
00e9be89-00001420.jpg,00e9be89-00001425.jpg,orb,2000,2000,109,49,0.4495,0.0545,29.055,0.0626,0.0522,
00e9be89-00001425.jpg,00e9be89-00001430.jpg,orb,2000,2000,161,83,0.5155,0.0805,30.7578,0.0533,0.0502,
00e9be89-00001430.jpg,00e9be89-00001440.jpg,orb,2000,2000,32,12,0.375,0.016,38.5938,0.0306,0.0278,
00e9be89-00001440.jpg,00e9be89-00001445.jpg,orb,2000,2000,106,41,0.3868,0.053,31.1887,0.0355,0.0214,
00e9be89-00001445.jpg,00e9be89-00001450.jpg,orb,2000,2000,41,11,0.2683,0.0205,38.9512,0.0398,0.0221,
00e9be89-00001450.jpg,00e9be89-00001455.jpg,orb,2000,2000,74,48,0.6486,0.037,35.7027,0.0277,0.0513,
00e9be89-00001455.jpg,00e9be89-00001460.jpg,orb,2000,2000,185,124,0.6703,0.0925,33.7459,0.0609,0.053,
00e9be89-00001460.jpg,00e9be89-00001465.jpg,orb,2000,2000,189,169,0.8942,0.0945,27.6138,0.0629,0.0549,
00e9be89-00001465.jpg,00e9be89-00001470.jpg,orb,2000,2000,20,5,0.25,0.01,40.6,0.0625,0.0572,
00e9be89-00001470.jpg,00e9be89-00001475.jpg,orb,2000,2000,110,55,0.5,0.055,32.8364,0.082,0.1317,
00e9be89-00001475.jpg,00e9be89-00001480.jpg,orb,2000,2000,37,13,0.3514,0.0185,35.6757,0.055,0.0605,
00e9be89-00001480.jpg,00e9be89-00001485.jpg,orb,2000,2000,38,16,0.4211,0.019,34.9211,0.0407,0.0493,
00e9be89-00001485.jpg,00e9be89-00001490.jpg,orb,2000,2000,58,23,0.3966,0.029,33.2759,0.0334,0.0499,
00e9be89-00001490.jpg,00e9be89-00001495.jpg,orb,2000,2000,596,578,0.9698,0.298,19.9312,0.051,0.0284,
00e9be89-00001495.jpg,00e9be89-00001500.jpg,orb,2000,2000,789,777,0.9848,0.3945,16.0482,0.0587,0.0546,
00e9be89-00001500.jpg,00e9be89-00001505.jpg,orb,2000,2000,382,274,0.7173,0.191,25.5105,0.0632,0.0225,
00e9be89-00001505.jpg,00e9be89-00001510.jpg,orb,2000,2000,57,20,0.3509,0.0285,36.7018,0.0643,0.0502,
00e9be89-00001510.jpg,00e9be89-00001515.jpg,orb,2000,2000,56,23,0.4107,0.028,35.8393,0.0625,0.0653,
00e9be89-00001515.jpg,00e9be89-00001520.jpg,orb,2000,2000,40,12,0.3,0.02,39.7,0.0526,0.0638,
00e9be89-00001520.jpg,00e9be89-00001525.jpg,orb,2000,2000,86,38,0.4419,0.043,33.2093,0.0747,0.0541,
00e9be89-00001525.jpg,00e9be89-00001535.jpg,orb,2000,2000,24,7,0.2917,0.012,40.8333,0.0359,0.0204,
00e9be89-00001535.jpg,00e9be89-00001540.jpg,orb,2000,2000,22,10,0.4545,0.011,43.0909,0.0715,0.0497,
00e9be89-00001540.jpg,00e9be89-00001545.jpg,orb,2000,2000,32,12,0.375,0.016,37.4688,0.0608,0.0223,
00e9be89-00001545.jpg,00e9be89-00001550.jpg,orb,2000,2000,283,186,0.6572,0.1415,28.5477,0.0263,0.0557,
00e9be89-00001550.jpg,00e9be89-00001555.jpg,orb,2000,2000,356,339,0.9522,0.178,21.514,0.0232,0.0541,
00e9be89-00001555.jpg,00e9be89-00001560.jpg,orb,2000,2000,321,305,0.9502,0.1605,22.0997,0.0309,0.0508,
00e9be89-00001560.jpg,00e9be89-00001565.jpg,orb,2000,2000,472,416,0.8814,0.236,22.3771,0.0687,0.0501,
00e9be89-00001565.jpg,00e9be89-00001570.jpg,orb,2000,2000,66,44,0.6667,0.033,30.4091,0.0283,0.0524,
00e9be89-00001570.jpg,00e9be89-00001575.jpg,orb,2000,2000,71,28,0.3944,0.0355,36.493,0.0313,0.024,
00e9be89-00001575.jpg,00e9be89-00001580.jpg,orb,2000,2000,107,79,0.7383,0.0535,31.3551,0.0323,0.0223,
00e9be89-00001580.jpg,00e9be89-00001585.jpg,orb,2000,2000,64,32,0.5,0.032,36.5,0.0333,0.0541,
00e9be89-00001585.jpg,00e9be89-00001590.jpg,orb,2000,2000,26,7,0.2692,0.013,43.5769,0.0323,0.0475,
00e9be89-00001590.jpg,00e9be89-00001595.jpg,orb,2000,2000,18,4,0.2222,0.009,41.2778,0.0409,0.0525,
00e9be89-00001595.jpg,00e9be89-00001600.jpg,orb,2000,2000,26,11,0.4231,0.013,39.3077,0.0306,0.0546,
00e9be89-00001600.jpg,00e9be89-00001605.jpg,orb,2000,2000,163,91,0.5583,0.0815,32.4417,0.0531,0.0319,
00e9be89-00001605.jpg,00e9be89-00001610.jpg,orb,2000,2000,25,14,0.56,0.0125,41.12,0.0398,0.0483,
00e9be89-00001610.jpg,00e9be89-00001620.jpg,orb,2000,2000,16,5,0.3125,0.008,43.625,0.0304,0.0546,
00e9be89-00001620.jpg,00e9be89-00001625.jpg,orb,2000,2000,44,22,0.5,0.022,37.25,0.0615,0.0482,
00e9be89-00001625.jpg,00e9be89-00001630.jpg,orb,2000,2000,56,25,0.4464,0.028,35.6071,0.0616,0.0553,
00e9be89-00001630.jpg,00e9be89-00001635.jpg,orb,2000,2000,26,7,0.2692,0.013,44.1538,0.0507,0.0309,
00e9be89-00001635.jpg,00e9be89-00001640.jpg,orb,2000,2000,10,4,0.4,0.005,40.7,0.0302,0.0486,
00e9be89-00001640.jpg,00e9be89-00001645.jpg,orb,2000,2000,13,5,0.3846,0.0065,40.0,0.0268,0.0531,
00e9be89-00001645.jpg,00e9be89-00001650.jpg,orb,2000,2000,32,4,0.125,0.016,34.5,0.0354,0.0519,
00e9be89-00001650.jpg,00e9be89-00001655.jpg,orb,2000,2000,18,5,0.2778,0.009,39.4444,0.0328,0.048,
00e9be89-00001655.jpg,00e9be89-00001665.jpg,orb,2000,2000,8,4,0.5,0.004,43.0,0.0402,0.0501,
00e9be89-00001665.jpg,00e9be89-00001670.jpg,orb,2000,2000,19,8,0.4211,0.0095,40.3684,0.0377,0.0465,
00e9be89-00001670.jpg,00e9be89-00001675.jpg,orb,2000,2000,29,8,0.2759,0.0145,38.2414,0.0349,0.0185,
00e9be89-00001675.jpg,00e9be89-00001680.jpg,orb,2000,2000,26,14,0.5385,0.013,36.3077,0.0609,0.0197,
00e9be89-00001680.jpg,00e9be89-00001685.jpg,orb,2000,2000,11,4,0.3636,0.0055,39.5455,0.0363,0.0547,
00e9be89-00001685.jpg,00e9be89-00001690.jpg,orb,2000,2000,10,4,0.4,0.005,37.8,0.0324,0.0502,
00e9be89-00001690.jpg,00e9be89-00001695.jpg,orb,2000,2000,14,6,0.4286,0.007,41.3571,0.0317,0.0436,
00e9be89-00001695.jpg,00e9be89-00001705.jpg,orb,2000,2000,23,9,0.3913,0.0115,34.6957,0.0279,0.0527,
00e9be89-00001705.jpg,00e9be89-00001710.jpg,orb,2000,2000,120,89,0.7417,0.06,31.8833,0.0307,0.0243,
00e9be89-00001710.jpg,00e9be89-00001715.jpg,orb,2000,2000,39,21,0.5385,0.0195,38.4359,0.0255,0.0487,
00e9be89-00001715.jpg,00e9be89-00001720.jpg,orb,2000,1996,53,36,0.6792,0.0266,33.6038,0.0301,0.0567,
00e9be89-00001720.jpg,00e9be89-00001725.jpg,orb,1996,2000,76,64,0.8421,0.0381,31.7105,0.0584,0.0471,
00e9be89-00001725.jpg,00e9be89-00001730.jpg,orb,2000,2000,82,64,0.7805,0.041,31.122,0.0549,0.0589,
00e9be89-00001730.jpg,00e9be89-00001740.jpg,orb,2000,2000,25,10,0.4,0.0125,39.4,0.0588,0.0564,
00e9be89-00001740.jpg,00e9be89-00001745.jpg,orb,2000,2000,4,4,1.0,0.002,44.75,0.0396,0.0575,
00e9be89-00001745.jpg,00e9be89-00001750.jpg,orb,2000,2000,8,4,0.5,0.004,43.75,0.0318,0.0267,
00e9be89-00001750.jpg,00e9be89-00001755.jpg,orb,2000,2000,52,39,0.75,0.026,34.4231,0.0342,0.0454,
00e9be89-00001755.jpg,00e9be89-00001760.jpg,orb,2000,2000,26,16,0.6154,0.013,35.5385,0.0447,0.0482,
00e9be89-00001760.jpg,00e9be89-00001765.jpg,orb,2000,2000,18,10,0.5556,0.009,36.9444,0.0362,0.0566,
00e9be89-00001765.jpg,00e9be89-00001770.jpg,orb,2000,2000,29,13,0.4483,0.0145,36.2759,0.0644,0.0237,
00e9be89-00001770.jpg,00e9be89-00001775.jpg,orb,2000,2000,56,38,0.6786,0.028,33.9643,0.0476,0.0527,
00e9be89-00001775.jpg,00e9be89-00001780.jpg,orb,2000,2000,40,27,0.675,0.02,32.825,0.0673,0.0521,
00e9be89-00001780.jpg,00e9be89-00001785.jpg,orb,2000,2000,37,22,0.5946,0.0185,35.5676,0.062,0.0597,
00e9be89-00001785.jpg,00e9be89-00001795.jpg,orb,2000,2000,36,21,0.5833,0.018,36.1389,0.063,0.0333,
00e9be89-00001795.jpg,00e9be89-00001800.jpg,orb,2000,2000,920,902,0.9804,0.46,20.1728,0.0788,0.0564,
00e9be89-00001800.jpg,00e9be89-00001810.jpg,orb,2000,2000,251,108,0.4303,0.1255,29.239,0.0626,0.0222,
00e9be89-00001810.jpg,00e9be89-00001815.jpg,orb,2000,2000,195,71,0.3641,0.0975,30.4103,0.0308,0.0446,
00e9be89-00001815.jpg,00e9be89-00001820.jpg,orb,2000,2000,53,18,0.3396,0.0265,36.9057,0.0358,0.0529,
00e9be89-00001820.jpg,00e9be89-00001825.jpg,orb,2000,2000,64,24,0.375,0.032,37.0625,0.0243,0.052,
00e9be89-00001825.jpg,00e9be89-00001830.jpg,orb,2000,2000,63,29,0.4603,0.0315,35.9365,0.0404,0.0494,
00e9be89-00001830.jpg,00e9be89-00001840.jpg,orb,2000,2000,24,6,0.25,0.012,39.2083,0.0362,0.0493,
00e9be89-00001840.jpg,00e9be89-00001845.jpg,orb,2000,2000,1178,1164,0.9881,0.589,16.7776,0.0414,0.0501,
00e9be89-00001845.jpg,00e9be89-00001865.jpg,orb,2000,2000,980,972,0.9918,0.49,18.8592,0.0546,0.048,
00e9be89-00001865.jpg,00e9be89-00001870.jpg,orb,2000,2000,1004,991,0.9871,0.502,19.5189,0.0402,0.0559,
00e9be89-00001870.jpg,00e9be89-00001875.jpg,orb,2000,2000,1081,1074,0.9935,0.5405,16.8575,0.0456,0.0455,
00e9be89-00001875.jpg,00e9be89-00001885.jpg,orb,2000,2000,1051,1034,0.9838,0.5255,18.5281,0.0502,0.0233,
00e9be89-00001885.jpg,00e9be89-00001890.jpg,orb,2000,2000,1117,1102,0.9866,0.5585,17.1003,0.0443,0.0435,
00e9be89-00001890.jpg,00e9be89-00001895.jpg,orb,2000,2000,1104,1090,0.9873,0.552,16.7953,0.04,0.0493,
00e9be89-00001895.jpg,00e9be89-00001900.jpg,orb,2000,2000,1102,1080,0.98,0.551,17.8975,0.0291,0.0545,
00e9be89-00001900.jpg,00e9be89-00001905.jpg,orb,2000,2000,327,183,0.5596,0.1635,28.9541,0.0309,0.0268,
00e9be89-00001905.jpg,00e9be89-00001915.jpg,orb,2000,2000,38,15,0.3947,0.019,34.1842,0.0306,0.0473,
